Time (s),ESC (µs),Servo (µs),Torque (N·m),Thrust (N),Voltage (V),Current (A),Motor Optical Speed (RPM),Electrical Power (W),Mechanical Power (W),Motor Efficiency (%),Propeller Mech. Efficiency (N/W),Overall Efficiency (N/W),App message,
0,1314,,0.016606610266604704,-1.0016710588672484,14.500079125254551,0.784952518458125,3363,11.381873627210645,5.84796971565434,51.37967532580575,0.1712852678060029,0.08800581447966117,,
0,1314,,0.01657404997435208,-1.0010941268023401,14.500054319888637,0.784245959541972,3361,11.37160901351178,5.834176681472859,51.30475972697156,0.17159132838424948,0.08803451873985794,,
0.026554999999934808,1314,,0.016541237352172056,-1.0005950048033676,14.500032912158913,0.785541714321875,3361,11.390380711540923,5.821101729108723,51.10541848009247,0.17189100128586313,0.0878456155367615,,
0.05210999999998603,1314,,0.016536741508034858,-1.0006391214358825,14.500048148243039,0.7845473846301028,3359,11.375974851714641,5.817531520341216,51.138751589841725,0.17200407388204267,0.08796073606694563,,
0.07728500000003259,1314,,0.016495119622986554,-1.0009152770108178,14.500023238152544,0.785428656516393,3359,11.38873377139863,5.8018076856959615,50.943395483231605,0.1725178308613227,0.08788644085477618,,
0.09974499999999534,1314,,0.016447055440921066,-1.0008144433780048,14.499994951976275,0.7861269654427452,3358,11.398837030532233,5.7838713106779664,50.740889576591364,0.17303539266690438,0.08779969752153523,,
0.12452000000001863,1314,,0.016436160653015675,-1.0009246310190214,14.499992411642108,0.7864303926691878,3357,11.403234725987947,5.778355484548325,50.67295046886535,0.17321963553394298,0.08777550011646401,,
0.14868500000005588,1314,,0.016482236680189444,-1.0017919671656195,14.500031075073727,0.785232467216237,3357,11.385895175792248,5.794370823768798,50.89077963837496,0.17289055147389235,0.0879853495661498,,
0.17433499999996274,1314,,0.016522344179649262,-1.0024576548497754,14.500048685180735,0.7851691211677343,3357,11.384990483032718,5.809004492941929,51.023358355891524,0.17256961258470085,0.0880508118424656,,
0.20114500000001861,1314,,0.016602104638934856,-1.0028133245404889,14.500070149436535,0.7831928565099397,3357,11.35635135993171,5.836291994746314,51.3923161565636,0.17182370680617018,0.08830418263375388,,
0.22751500000001396,1314,,0.016697496091419795,-1.003492019224342,14.500054295611328,0.7829287006686596,3356,11.352508669287992,5.868846089692635,51.69646868951229,0.17098625588201397,0.08839385623541471,,
0.2580899999999674,1314,,0.016745304838291175,-1.0042164298324587,14.500038549126407,0.7824549865943595,3356,11.3456274685744,5.884757370364146,51.86806447386005,0.17064704058823724,0.08851131703504105,,
0.2826799999999348,1314,,0.016706796812451907,-1.0044261591137795,14.500027210396063,0.7824121312667149,3356,11.344997193111343,5.870992133695352,51.7496129241901,0.17108286576455828,0.08853472081277065,,
0.3090450000000419,1314,,0.016681453839069715,-1.003051229570163,14.500040328239205,0.7830183901263961,3355,11.353798234585682,5.8615486799316985,51.6263241500662,0.17112392719765843,0.08834499335338646,,
0.337375,1314,,0.01673590718545248,-1.002592336597758,14.500036199931406,0.7835189232889304,3356,11.361052751020768,5.881347732537861,51.7676298264651,0.1704698280380591,0.08824818954455405,,
0.37051000000000933,1314,,0.016695551928028185,-1.0025880021780225,14.500030011464947,0.7848088643559725,3356,11.379752086425324,5.867690164308669,51.56254828528398,0.17086587295908243,0.08810279824759887,,
0.39467000000004193,1314,,0.016634626484801962,-1.0035377798083598,14.500013897055734,0.7849614141043986,3356,11.3819514131663,5.845493768219112,51.35757091228855,0.17167716186174256,0.08816922014334884,,
0.4180200000000186,1314,,0.01663364355221464,-1.0039605509390077,14.50000934247324,0.7862978013753292,3356,11.40132546590844,5.845015283287623,51.26610323304108,0.17176354590715695,0.08805647676149499,,
0.4462699999999022,1314,,0.01668911369403636,-1.0046474616603713,14.500031042983332,0.7866511859427336,3356,11.406466616169292,5.865422923247584,51.42190934862357,0.17128303871805295,0.08807700889916502,,
0.47050500000000467,1314,,0.016688324978790803,-1.00414534596817,14.500032326815472,0.7869317945145695,3356,11.410536459460168,5.864369557792013,51.39433696765433,0.17122818336609733,0.08800158954276512,,
0.49684500000008847,1314,,0.016679109555569838,-1.0037795108566125,14.500029761433824,0.7866122972134666,3355,11.405901720305094,5.86072268936631,51.383247314264445,0.17127230958698475,0.08800527441593305,,
0.5224449999999488,1314,,0.016658625868496757,-1.002817107405849,14.500009426172763,0.7872396746376311,3356,11.414982702902831,5.854606319224437,51.28878835476124,0.1712868556358701,0.08785095286660684,,
0.5459949999999953,1314,,0.016620361242046355,-1.0020930743916971,14.499996709427904,0.7872656413726826,3356,11.415349209349547,5.841745727047032,51.17448112986723,0.17154000211821088,0.08778470601415768,,
0.5709600000000792,1314,,0.016564931391427784,-1.0017966016961668,14.50000594751068,0.786673229674971,3356,11.406766509034513,5.821945272710039,51.03940076356326,0.17207248690433735,0.08782476619493464,,
0.5970800000000746,1314,,0.016550967314646003,-1.000372514053725,14.500014983518124,0.7868281258169807,3356,11.409019613799703,5.815937257935097,50.976661052457736,0.17200538274185223,0.08768260095229666,,
0.6223149999999441,1314,,0.016567220286886175,-0.9995671015038393,14.49998800861803,0.7875323968330579,3355,11.419210310477556,5.820836487089133,50.97407201396664,0.17172224365362646,0.08753382014399883,,
0.6477900000000373,1314,,0.016601485810030958,-0.999893234650146,14.499972104060149,0.788684061933588,3355,11.435896896953873,5.831859234136083,50.99608090808766,0.1714535955870457,0.08743461432539525,,
0.6713400000000839,1314,,0.016597761238269726,-1.0000428239360288,14.499954882429892,0.7887157025441136,3354,11.436342101953642,5.830427296215392,50.98157473987591,0.17152136080749522,0.08744429075492541,,
0.697,1314,,0.016574744762641203,-1.000049987656961,14.499958362003078,0.7883435582327387,3354,11.43094876932806,5.821751636400535,50.92973255222412,0.17177819496870028,0.08748617528059717,,
0.7258200000000652,1314,,0.016499996473136935,-1.001365356790276,14.499937290346434,0.7881591152091061,3354,11.428257745346968,5.795430844160979,50.711411776835334,0.17278531721229545,0.0876218737014383,,
0.7503550000000978,1314,,0.01646456828244136,-1.0019947845255652,14.49994551301305,0.7866543002189397,3355,11.406444490752035,5.784612822806059,50.71354905988479,0.17321726020714162,0.08784462023533707,,
0.7763499999999767,1314,,0.01645006657116188,-1.0027316730912197,14.499967154680467,0.7863928599627144,3355,11.402670640134595,5.780318991508478,50.69267695203944,0.1734734146271638,0.0879383176746201,,
0.8036099999999861,1314,,0.016450295236582813,-1.0034966597147672,14.499948085379557,0.7877217955413471,3356,11.421925141071503,5.780554694206577,50.609285412146356,0.17359867915798768,0.08785705100678222,,
0.8305250000000233,1314,,0.016453430029884197,-1.003577084550739,14.499949043817603,0.7872757835224005,3356,11.415458744506385,5.78246757972315,50.65471050391142,0.1735551597504655,0.08791386373619929,,
0.8582449999999954,1314,,0.01644675902700321,-1.0021888354333923,14.49993225646852,0.7871566553414411,3356,11.413718177679236,5.7795146431583,50.636563415949475,0.1734036328846001,0.08780564053117075,,
0.8945749999999534,1314,,0.016421676871055224,-1.001041921133085,14.499893433944985,0.7894468157959551,3356,11.446894700808546,5.771200765640214,50.41717353469293,0.1734547041047249,0.0874509591725673,,
0.9232299999999813,1314,,0.016475133571319134,-0.9999362877629014,14.499849193548801,0.789923040291542,3357,11.453764958736933,5.791875086469485,50.56743444042338,0.17264465701252305,0.0873019737497014,,
0.9487899999999209,1314,,0.016536258166223394,-0.9986561720425986,14.499941687151125,0.7861693381603971,3357,11.399409559551952,5.8135959335820555,50.99909695507559,0.17177942592705703,0.08760595597741207,,
0.9738449999999721,1314,,0.016514634290761276,-0.9978658381960936,14.499919972567128,0.7878908369202451,3355,11.424354082462491,5.80168943038327,50.783522538831626,0.17199573506473834,0.08734549288243053,,
0.9958900000000139,1314,,0.016451646665867847,-0.9979500681855709,14.499903819697165,0.7875923937014591,3352,11.42001395779622,5.775099743846794,50.56998848853635,0.17280222203068588,0.08738606378885289,,
1.0175799999999582,1314,,0.01642440573528281,-0.9975373736810985,14.499864733394265,0.7879157754462986,3351,11.42467216527878,5.763559310942133,50.44835622030729,0.17307662155697282,0.0873143105771348,,
1.0413499999999767,1314,,0.0164228007140248,-0.9965104158059608,14.499845720069757,0.7880409865902998,3351,11.426472726650907,5.762612826713814,50.43212340824299,0.17292683818465565,0.08721067643925821,,
1.0735400000000372,1314,,0.01647246725406115,-0.9961166925405411,14.499845523529677,0.7867051605151343,3351,11.407103300033066,5.780494607206808,50.67451793120916,0.1723237819993183,0.08732424580898233,,
1.0996450000000186,1314,,0.016499542231821263,-0.9952299850370047,14.499877911895997,0.7853272777837572,3352,11.387149648746114,5.791225541622935,50.857551891931365,0.17185135993824566,0.08739939455758304,,
1.1245950000000884,1314,,0.0164967620739791,-0.9947740042226013,14.499865721696676,0.785697354092151,3353,11.392506132228556,5.791958336027467,50.84007213867058,0.17175089089209286,0.0873182768283494,,
1.1521950000000651,1314,,0.016473932493118015,-0.9955119925109718,14.499842597530007,0.78631916195511,3353,11.4015040797708,5.784392596372626,50.73359230415596,0.1721031164335654,0.0873140934341519,,
1.1740649999999442,1314,,0.01650583988069465,-0.9955070824898415,14.499793940375683,0.787583159590499,3353,11.41979352497225,5.796114550930133,50.75498552802614,0.17175421116031728,0.0871738250181945,,
1.195655000000028,1314,,0.0164759652371107,-0.9956076326101828,14.499794069761155,0.7880325406247546,3353,11.426309559329633,5.785824712522343,50.635987783108774,0.17207704727994524,0.08713291263820738,,
1.2177850000000325,1314,,0.016490531519511853,-0.9963878391811111,14.499784690599622,0.7887327673742679,3353,11.436455305347682,5.790869687451362,50.6351796324824,0.17206186513577626,0.08712383449049992,,
1.2490449999999256,1314,,0.016435339317222297,-0.9965120353210714,14.499752986516834,0.7878065283918929,3354,11.423000062847807,5.771848366083995,50.52830547428927,0.1726504183957229,0.08723733080962938,,
1.2726550000000278,1314,,0.01643130896765188,-0.9971921804297521,14.499744510619369,0.7882966923408514,3354,11.430100637508666,5.770828129880234,50.487990551394304,0.17279880079368218,0.08724264221763692,,
1.2982850000000326,1314,,0.016457362557640187,-0.9979669999993109,14.499739348817753,0.7885061281906482,3355,11.433133333709877,5.781292230693353,50.56612270625389,0.17262005796922397,0.08728727032832441,,
1.3242399999999908,1314,,0.01646688524259765,-0.9973478528091209,14.49972393191885,0.7905719486674319,3355,11.463075003996881,5.7853798492566755,50.46970247721019,0.17239107522685196,0.08700526276425577,,
1.3491500000000234,1314,,0.01648924906277094,-0.9974103143147268,14.499718350843299,0.7903072759809164,3355,11.459232912345474,5.79326967641027,50.555475403322646,0.17216707835578615,0.0870398849507787,,
1.3721600000000327,1314,,0.016515341325499477,-0.9975152355692691,14.499707543409263,0.7900763021031545,3355,11.455875317474005,5.802240757667554,50.648602545605705,0.1719189666942157,0.08707455414146555,,
1.4026199999999953,1314,,0.016574303049572192,-0.997908830569906,14.499725356315054,0.7895802618366266,3355,11.448696943398414,5.823005089624254,50.86172791901819,0.17137351165088863,0.08716352922114194,,
1.4302000000000699,1314,,0.016669672937293045,-0.9992001625979046,14.499763197572591,0.7881933862847101,3355,11.428617455021158,5.857209311640124,51.25037507548002,0.17059321418003257,0.08742966212058366,,
1.4541350000000093,1314,,0.016739409751365564,-0.9995054976561628,14.499747428350869,0.7886970215252314,3356,11.435907609608464,5.882155657383002,51.43584451872283,0.1699216334749032,0.0874006271978253,,
1.4793099999999395,1314,,0.016725222018255437,-0.9998776385400311,14.499725565022569,0.7892053065650604,3355,11.44326035965288,5.876928071557224,51.35711228137689,0.1701361028015936,0.08737698934697326,,
1.5020150000000139,1314,,0.01674364511818116,-0.9997985387958761,14.499739519926585,0.7884888342166259,3356,11.43288271051165,5.8835396250781695,51.46155850675097,0.16993147025547442,0.08744938298690311,,
1.5298150000000605,1314,,0.016658787948159892,-1.0006920064926763,14.499750390053903,0.7896082704620588,3356,11.449122827622025,5.853925122138644,51.12990060701882,0.17094376603968045,0.0874033776699834,,
1.5580599999999394,1314,,0.016619861611786746,-1.0009378562503077,14.49974601667561,0.7905604253211029,3356,11.462925377991038,5.84033453898922,50.94977369566356,0.17138365098235261,0.08731958232687453,,
1.5838649999999908,1314,,0.01653889965560784,-1.0019807439850767,14.49973629833939,0.7900782827044255,3356,11.455926754259007,5.81190456420153,50.7327315272928,0.17240144481325187,0.08746396214628092,,
1.62075,1314,,0.016547960483819013,-1.001711644408621,14.499771249588212,0.7905156545310419,3356,11.462296159918608,5.816179507821441,50.74183589985639,0.17222846080688298,0.08739188295547703,,
1.6483000000000465,1314,,0.016553357540526004,-1.00147328223065,14.49975221704354,0.790833173547578,3357,11.466885061458072,5.819012510231777,50.74623560839861,0.1721036482512667,0.08733612283223738,,
1.6714099999999161,1314,,0.01656918223605175,-1.0017276429726638,14.499707200774644,0.7917613716250611,3357,11.480308061447108,5.825018333494802,50.73921625026977,0.17196986955604363,0.08725616399934782,,
1.6980400000000373,1314,,0.016562036730111362,-1.0026176404099554,14.499682869566598,0.7923019791779273,3357,11.488127435009904,5.823016485514621,50.68725532908924,0.17218183099843085,0.08727424430847558,,
1.7239700000000884,1314,,0.01657277091835141,-1.0032392675819557,14.499677064018911,0.7911732184437383,3358,11.471756169134697,5.826986668397536,50.79419909634516,0.17217119665349323,0.0874529804147353,,
1.7502399999999907,1314,,0.016568687161621853,-1.005092374210619,14.49965288836069,0.7925887260706126,3358,11.492261411251876,5.826411275216241,50.698561986344146,0.17250625243123027,0.08745818931916659,,
1.7731950000000651,1314,,0.01651312300265262,-1.0055953281218273,14.499644189337307,0.7938677825827276,3358,11.510800380827739,5.806703127465782,50.445693916622524,0.17317836060282615,0.08736102571952647,,
1.7951499999999068,1314,,0.016478635244145834,-1.0057745133230367,14.499643205345933,0.7931049684067317,3358,11.499739066284768,5.794137876599627,50.38495085151131,0.17358484294703908,0.08746063780453875,,
1.8225150000000139,1314,,0.016448618211376775,-1.0057957185196615,14.499647756567391,0.7913670557533707,3358,11.474543554575703,5.7835966815672055,50.40371892841768,0.17390488547121805,0.08765452967569942,,
1.8494000000000232,1314,,0.01642129344542098,-1.005829622257833,14.499638111697386,0.7907221431556282,3357,11.465184922662383,5.77361375932202,50.35779011213107,0.1742114495681029,0.08772903612480631,,
1.8760550000000513,1314,,0.01638205780477775,-1.0052664473394566,14.499615281318189,0.7900205272377023,3357,11.454993709290841,5.7591270625908155,50.276125930298335,0.17455187850764745,0.08775792225220617,,
1.9075050000000047,1314,,0.01637240468076273,-1.0055933378937596,14.499595848129857,0.7918437745823754,3357,11.481414706302086,5.755887035401765,50.132210904657846,0.17470692730917511,0.08758444526368296,,
1.9341500000000234,1314,,0.016358464819994922,-1.0049993277513023,14.499612326000426,0.7922095618585365,3356,11.486731527899433,5.749467497108944,50.05311983782686,0.1747986797484558,0.08749219264943381,,
1.9560100000000094,1314,,0.01632597480824116,-1.0043908633185887,14.499645878461155,0.7905918054217898,3356,11.463301213029217,5.737521367326182,50.051213526561625,0.1750565791420587,0.08761794221868616,,
1.9829649999999674,1314,,0.01629319167645138,-1.0033114936469008,14.499596803974114,0.792984168852501,3355,11.497950720295792,5.724550554991514,49.78757253574527,0.17526467519307076,0.08726002729128846,,
2.0211300000000048,1314,,0.01628146181655732,-1.003800093093701,14.499623327133245,0.7910419460886069,3355,11.469810254247243,5.720232918337126,49.872079760159394,0.17548238112400255,0.08751671307918944,,
2.0476900000000606,1314,,0.01632242218132518,-1.0032521933833844,14.499623463611252,0.7897090088906114,3355,11.450483274735495,5.734069271286328,50.077093985526865,0.1749633891601599,0.0876165808299964,,
2.0740200000000186,1314,,0.016356642157140167,-1.0022132444936591,14.499594761406618,0.7906636641511711,3355,11.464302722760882,5.746767466984634,50.12749232079483,0.17439599744576526,0.08742034022739953,,
2.1009550000000745,1314,,0.016386069950479865,-1.0012223140283794,14.499578163120312,0.7911134684433334,3355,11.470811571591327,5.757051293081836,50.18870074842637,0.1739123490581947,0.08728434843337604,,
2.1273400000000837,1314,,0.016395261295157115,-1.0007823330955945,14.4996040120334,0.7886691668103658,3355,11.435390615250618,5.760461680518182,50.373982615301635,0.17373300763031363,0.08751623506073486,,
2.1501999999999533,1314,,0.016359446998560512,-1.0010729035766095,14.49960819540762,0.7882045318104489,3355,11.42865688909621,5.7480890289392725,50.29540290446008,0.17415751539974722,0.08759322405869999,,
2.1723000000000465,1314,,0.0163428098453966,-1.001131492962507,14.49960233971095,0.7886466729150614,3355,11.43506314380448,5.742060841776051,50.21450926475295,0.17435055471353236,0.08754927544977487,,
2.200774999999907,1314,,0.016322637927560057,-0.99962242522938,14.499647124778914,0.7867795068778647,3355,11.408025214736602,5.735451990108675,50.27559005304232,0.17428834326454523,0.08762449296992197,,
2.225510000000009,1314,,0.016314108110077274,-0.9999913912024876,14.499620590262221,0.7880270207329605,3356,11.426092815502628,5.732762279256393,50.172551298360965,0.1744344772189295,0.08751822756469518,,
2.2477149999999675,1314,,0.016321664180488638,-1.0003282169301908,14.499613166151594,0.7877644422350292,3356,11.422279678457096,5.73533793501176,50.21184996747059,0.17441486940527418,0.08757693254673603,,
2.2752249999999767,1314,,0.01638490280585736,-0.9992342846602733,14.499605368340202,0.7874979966993148,3356,11.418410180498539,5.758234499980297,50.42938910895638,0.17353136359133903,0.08751080657155423,,
2.3006650000000373,1314,,0.016407068476998687,-0.9995084925639782,14.499589867297058,0.7882308470698063,3357,11.42902400326434,5.766982299700354,50.459096927727145,0.17331568585114462,0.08745352991458415,,
2.326655000000028,1314,,0.01648602954480105,-0.9995645601100327,14.49958026295091,0.7874824536642411,3357,11.418165042570186,5.7953497518703045,50.75552621864882,0.17247700361612311,0.08754161079152124,,
2.3503399999999672,1314,,0.016492993237280817,-0.9997789668483149,14.499582723639326,0.7872004246006985,3357,11.41407767658183,5.797778964932441,50.79498430983781,0.17244171826753402,0.08759174373760864,,
2.3753699999999953,1314,,0.016450958546430527,-0.9992745248055348,14.499587276026567,0.7880370992392758,3357,11.426212697166688,5.783369330406948,50.614928005331336,0.1727841449709422,0.08745457058166972,,
2.3964899999999907,1314,,0.016455970461676905,-0.9991518477823529,14.499602509989906,0.7873625340815538,3357,11.416443775440909,5.78502071690183,50.672703607988545,0.1727136161955612,0.08751865882541562,,
2.4190999999999767,1314,,0.01640359996714058,-0.9988828481758806,14.499567447718446,0.7889765614584723,3357,11.439818867536097,5.766148034869491,50.404189975705464,0.17323225871680017,0.08731631678282153,,
2.44667499999993,1314,,0.016413872313884026,-0.999119215399039,14.499560832872369,0.78835802433046,3357,11.43084513186258,5.769659377329774,50.474477702854216,0.17316779900816887,0.0874055420989016,,
2.4737900000000375,1314,,0.016367051851568837,-0.9989576641914057,14.499538719059855,0.7900308919756693,3357,11.455083507454612,5.753619462962402,50.22765184747999,0.1736224772288062,0.087206493391455,,
2.502214999999967,1314,,0.016361897769602396,-0.997572007604976,14.499517747492,0.7907760438689082,3357,11.465871282368747,5.752161905163417,50.1676825380781,0.17342557877404446,0.08700359379918719,,
2.526689999999944,1314,,0.01634083336658243,-0.9958160368048937,14.499511531613026,0.790186936973889,3357,11.457324604782878,5.744847978994144,50.1412692505539,0.17334071161605388,0.08691523293223175,,
2.548890000000014,1314,,0.016358021381336463,-0.9954068361848285,14.499508703289914,0.7899211932707575,3357,11.453469216742503,5.750913883832193,50.21110874795557,0.17308672261347216,0.0869087625197227,,
2.5716950000000653,1314,,0.016373828120145206,-0.9953922182284977,14.499498252792483,0.7916751110622364,3357,11.478891889626192,5.756477004952095,50.14836850370889,0.17291691035544773,0.08671500941027789,,
2.5980400000000374,1314,,0.016381608228719813,-0.9963564892601846,14.499483767390613,0.7911784111716995,3356,11.471678529893953,5.757948217551893,50.19272639611808,0.173040196197493,0.08685359223271358,,
2.623760000000009,1314,,0.016361363566980702,-0.9963191564869676,14.499492003839961,0.7904694274051625,3356,11.461405141941105,5.75036444166617,50.171548518284794,0.1732619152392859,0.08692818586798781,,
2.651390000000014,1314,,0.016327917382814916,-0.9957399726200415,14.499515762067098,0.7894324393902281,3356,11.446388098025691,5.738058048831072,50.12985755585896,0.1735325721953769,0.08699163125456055,,
2.6768549999999816,1314,,0.016306770857206332,-0.99524547505386,14.499536366370343,0.7890212054374093,3356,11.440441662077081,5.730027049559092,50.08571538416263,0.1736894898481223,0.08699362353753456,,
2.699335000000079,1314,,0.016272566181943615,-0.9940924411608895,14.49957148443675,0.7871158541345531,3356,11.412842593557443,5.718042888421169,50.1018290714796,0.1738518686479059,0.08710296606754704,,
2.726505000000005,1314,,0.01624224215594272,-0.9923748535847352,14.499553078411315,0.7867459661005285,3356,11.407464894700603,5.707587736963884,50.03379619967425,0.17386939970415993,0.08699346110157641,,
2.753380000000005,1314,,0.016238576434886576,-0.991220264033401,14.499543162237702,0.7860592455612179,3356,11.397499959090883,5.707278105006468,50.074824527235236,0.1736765312284143,0.08696821825761739,,
2.7796049999999815,1314,,0.016220152008674993,-0.9895904815484851,14.499518901878437,0.7863605084096608,3357,11.401849055376614,5.701953036141835,50.00902054086607,0.1735528993795573,0.08679210509999143,,
2.807165000000037,1314,,0.016211428225519464,-0.9885792198066392,14.499525548510192,0.7867709819446067,3357,11.407805953532277,5.699245351430365,49.9591715939529,0.17345791571484653,0.08665813775527438,,
2.833215000000084,1314,,0.016183919647725364,-0.9886676551466541,14.499515823989274,0.7863501257976828,3357,11.401696092199458,5.69007613217512,49.90552358318006,0.17375297486023628,0.08671233184535214,,
2.8727950000000417,1314,,0.01618445988833228,-0.9890447290169657,14.499491606955312,0.7874738280210527,3358,11.417970160088224,5.690984800187501,49.84235131460116,0.17379149018011425,0.08662176509045312,,
2.898755000000005,1314,,0.016140089024717308,-0.9895092625856754,14.499493258163122,0.787336430659286,3358,11.415979268250535,5.67551456749149,49.715529733624386,0.17434705713794454,0.08667756303111392,,
2.9213300000000744,1314,,0.016077039208953536,-0.9891986902037209,14.499476681733912,0.7880253854924262,3358,11.42595570156181,5.652994911625049,49.47502912909371,0.17498665851785794,0.08657470027373794,,
2.942405000000028,1314,,0.016053706675258406,-0.9893697892532836,14.499469151604153,0.7876160860303054,3357,11.420015142703615,5.644103777538984,49.422909751087936,0.17529262895387113,0.08663471780818117,,
2.9702449999999954,1314,,0.016093898859127265,-0.9892932485554298,14.499460223874092,0.7884801851392864,3357,11.432537081739962,5.657840619835465,49.48893302845405,0.1748535024276098,0.08653313271430609,,
2.9965400000000373,1314,,0.01612530983338012,-0.9895061483338619,14.499452562358066,0.7885046768932222,3357,11.43288615781075,5.668970805396166,49.58477437058379,0.17454775872050235,0.08654911233047208,,
3.018555000000051,1314,,0.016164926285897163,-0.990170514593258,14.499429561386435,0.7896796762421929,3357,11.449904841732122,5.682595753663856,49.63006970112253,0.17424616451994587,0.08647849290278177,,
3.0457750000000234,1314,,0.016113665103296926,-0.9906911823231997,14.499410057840512,0.7906940895005654,3356,11.464597833979544,5.66357852117125,49.400586075380296,0.17492318304052062,0.08641307760372742,,
3.0726999999999536,1314,,0.01611520596756466,-0.9924459935265043,14.49939240785762,0.7911594948365228,3356,11.471331972837149,5.66378781245306,49.37341039265785,0.17522654915574304,0.08651532323155733,,
3.0977100000000792,1314,,0.016099988452974667,-0.9928870964269025,14.499408636141757,0.7908281945999052,3356,11.46654115448626,5.657549864641628,49.339637720029664,0.17549771900946312,0.08658993876618475,,
3.124209999999963,1314,,0.016115058864693554,-0.9934783548254975,14.499401645168696,0.7910857222609635,3355,11.47026962282008,5.662100469232708,49.36327266420983,0.17546109614690877,0.08661333931060994,,
3.1466949999999487,1314,,0.016139776863508648,-0.9938006626788967,14.499409672275497,0.7916355277700244,3355,11.47824782826561,5.670243794557648,49.39990736734629,0.17526594952279753,0.08658121671076187,,
3.1680550000000514,1314,,0.016124670445782474,-0.9945581544261867,14.499419743760905,0.7903569968371469,3355,11.459717844560103,5.664350975261122,49.428363351458735,0.17558201438609447,0.08678731605056932,,
3.1912300000000977,1314,,0.01614712946094987,-0.9942744584941016,14.499340129712483,0.7954710820802884,3355,11.533805782432538,5.672273828019988,49.179550401824756,0.17528675248056058,0.0862052367838991,,
3.217189999999944,1314,,0.016190149016532374,-0.993771795633366,14.499351458605773,0.7942577463251861,3357,11.516222212689021,5.691848870276565,49.42461829196961,0.17459560474680683,0.08629321120066524,,
3.2437350000001026,1314,,0.01624454331184977,-0.9933952917165693,14.49936532564385,0.7939022192763743,3359,11.511078310127562,5.714768802622832,49.64581639232634,0.17382948042633742,0.08629906468819434,,
3.2660500000000465,1314,,0.01628224011543833,-0.9942187911999247,14.499354439629412,0.7930966763119467,3360,11.499389814738954,5.7286509142719995,49.81699904571889,0.1735519943662461,0.08645839537725891,,
3.2950050000000046,1314,,0.01632681704938066,-0.9947729707628212,14.499363328031164,0.7923941405791979,3360,11.489210543260793,5.744034948264776,49.995036009101995,0.17318365569195113,0.08658323102507016,,
3.3206050000000977,1314,,0.016335017769239846,-0.9952262700882316,14.499339347168585,0.7942873628136013,3359,11.51664201260202,5.746356307568217,49.8961094846944,0.17319257923102901,0.08641635895248033,,
3.3477899999999208,1314,,0.016390727489613344,-0.9948640609426889,14.499336177274474,0.7931869805982876,3360,11.500684683131858,5.766585403810318,50.14123561067814,0.17252221050698813,0.08650476805105904,,
3.3778249999999534,1314,,0.016505334677348604,-0.9937044753049715,14.499345657004678,0.7924256823920861,3360,11.489653876490662,5.806753143742203,50.53897363804475,0.17112910618145752,0.08648689386006841,,
3.4051999999999536,1314,,0.01658687002498649,-0.9936668808213183,14.49933750815739,0.7929376975114717,3360,11.49707129916004,5.8358035425884465,50.759044549152286,0.17027079022961444,0.08642782626684363,,
3.433704999999958,1314,,0.016605506256317293,-0.9936876251666363,14.49932256234959,0.7924195536877163,3359,11.489546713631297,5.841261947730496,50.83979458302191,0.17011523093100003,0.08648623395975376,,
3.461204999999958,1314,,0.016546504020981123,-0.9942468645203458,14.499332613023679,0.7925173354034487,3359,11.49097244760185,5.820013592607303,50.64857320950179,0.17083239561214392,0.08652417095716244,,
3.4874450000000654,1314,,0.016498655701165377,-0.994409174702594,14.499320189487138,0.7948272730358572,3358,11.52445512708381,5.8022812733105855,50.34755404335386,0.1713824490509778,0.08628687115676444,,
3.512344999999972,1314,,0.016485187653240363,-0.9950134906846664,14.499318233201858,0.7944204143461957,3358,11.518554398557571,5.796716686073097,50.325036332675566,0.1716512199182058,0.0863835387893179,,
3.5366500000000234,1314,,0.016494884089533257,-0.9951370699456753,14.49928001687128,0.7958109784483347,3357,11.53868621702272,5.799118254469719,50.258046240259425,0.17160144461249174,0.08624353338229927,,
3.568015000000014,1314,,0.016414229124050106,-0.9959204799083125,14.49926965984092,0.7957625957453858,3357,11.537976460927327,5.770671477299357,50.0145887525546,0.17258311858958883,0.08631673701891646,,
3.596140000000014,1314,,0.016442040620346488,-0.9961284117377253,14.499210596708233,0.7967251280153949,3357,11.551885418784536,5.780788165821952,50.04194515660452,0.17231705836017067,0.0862308078400708,,
3.624515000000014,1314,,0.01646859890173491,-0.9964885162717029,14.499185910271368,0.7972871747895991,3359,11.560014971149421,5.793563073280031,50.11726271755833,0.17199925221622558,0.08620131710544153,,
3.6464000000000234,1314,,0.016469788326941126,-0.9969881037226834,14.499207818122052,0.7969042080729947,3362,11.554479723986327,5.798715421964323,50.185863496099934,0.17193258009287726,0.08628584995073407,,
3.675984999999986,1314,,0.01648077157505834,-0.9981243823389424,14.49928262992329,0.7930747795805841,3363,11.499015375803005,5.803941536518136,50.473378344472664,0.1719735417834224,0.08680085639673657,,
3.699219999999972,1314,,0.01649227227445249,-0.998114821547316,14.499320528722453,0.7915469882803268,3360,11.476893496621374,5.802761014751242,50.56038044144514,0.17200688069179496,0.08696733326323418,,
3.722619999999995,1314,,0.016538379587483387,-0.9980037655531057,14.499321835268146,0.7918111518431441,3358,11.480724723328121,5.815475092232485,50.6542507757877,0.17161173416185763,0.08692863818302549,,
3.7482299999999813,1314,,0.01656514223458494,-0.9981675086499792,14.499296788655275,0.7920366089210304,3357,11.483973860226111,5.82361606606325,50.71080914101442,0.17139995104875413,0.08691830204412587,,
3.7763549999999815,1314,,0.01655616131715809,-0.9982417929065897,14.499289845970162,0.7905534097392095,3357,11.462463026528809,5.819402873821112,50.76921827667093,0.1715368079081159,0.08708789643170507,,
3.8036450000000186,1314,,0.016495014545720776,-0.9985582563912727,14.499290640119485,0.7901859399429014,3356,11.457135602968128,5.79734286918534,50.60028151961,0.1722441261321487,0.0871560127238594,,
3.8294649999999675,1314,,0.016467791029115553,-0.9992442887284793,14.499316826803337,0.7893330857172518,3356,11.44479049169275,5.788081799078899,50.573942819488074,0.17263824586713628,0.08730996774941271,,
3.851429999999935,1314,,0.01642569589381515,-0.9992073155765812,14.499272251018077,0.7907007648315072,3357,11.464585658380242,5.773783101897232,50.36189945230844,0.17305937856381326,0.08715599022509748,,
3.8790849999999626,1314,,0.016407819619288055,-0.998808833218912,14.499264372610178,0.7919349463474863,3357,11.48247415300106,5.767430620989736,50.228117600267886,0.17318090131572464,0.08698550677406604,,
3.9067149999999673,1314,,0.016369714519450462,-0.9986224346404713,14.499243418485806,0.7916298080441757,3357,11.478033284161697,5.753825015349997,50.1290149009202,0.17355801262227413,0.08700292200916075,,
3.9364049999999113,1314,,0.016359815259597177,-0.9982186511746329,14.499234300837822,0.7907658916464404,3357,11.465499940092673,5.751217689343815,50.161072080537025,0.17356648715004988,0.08706281072699255,,
3.964965000000084,1314,,0.01638032920440513,-0.9976324263742025,14.499245128279203,0.7895285873566749,3358,11.447568523868428,5.75952695089204,50.312229526150475,0.17321429952154113,0.08714797594739157,,
3.9908699999999953,1314,,0.01639952100163733,-0.9980708094757588,14.4991943727277,0.7915442035591522,3358,11.476753262010089,5.766657980330758,50.246422909685876,0.1730761236196138,0.08696456102960187,,
4.0144550000000745,1314,,0.016425499320609327,-0.9983635843163925,14.499206520757982,0.790815638194269,3357,11.46619925802373,5.774969717061889,50.36516100154744,0.17287771767300736,0.08707014084181078,,
4.046440000000061,1314,,0.016453681102150952,-0.9976954890024009,14.499202554047955,0.792123072280694,3357,11.48515287273255,5.784256954622887,50.36290782298221,0.17248464181817233,0.08686828116768713,,
4.070660000000033,1314,,0.016478354316496135,-0.997769715565406,14.499211917311857,0.7919916230038926,3357,11.4832543786692,5.792659932423417,50.444410107152315,0.17224724516979872,0.08688910675172538,,
4.0999150000000375,1314,,0.016497190438253928,-0.9983994865845798,14.499196235049206,0.7910029104004006,3357,11.468906420390454,5.799216558891424,50.56468634691321,0.17216109735612864,0.08705271888953034,,
4.1252200000000885,1314,,0.01652354828056346,-0.9991261257635478,14.4992274047381,0.7887774141990884,3357,11.43666310019388,5.808067062318837,50.784630197075366,0.172023861818953,0.0873616820754832,,
4.150485000000103,1314,,0.01655335361232968,-1.000185328625605,14.499221065499231,0.7894870951632658,3357,11.446947921131018,5.818824167837495,50.83297493732779,0.17188787627472055,0.0873757210670337,,
4.17675,1314,,0.016559819132802023,-1.0016740325323548,14.499204644883736,0.7905243552590819,3357,11.461974403666202,5.820778283138238,50.78338232265129,0.1720859279993582,0.08739105473939651,,
4.198485000000103,1314,,0.01656508403815149,-1.0021497973554219,14.499184609867658,0.7922943909454272,3356,11.487622639680408,5.821409357092253,50.67549256870617,0.1721489996463653,0.08723735352289586,,
4.220539999999921,1314,,0.016530655987430087,-1.00226604437455,14.499197051336372,0.7912298464525898,3356,11.47219745661472,5.808672861392815,50.63260882110785,0.17254647804941534,0.0873647832653592,,
4.242760000000009,1314,,0.016470101351393263,-1.0015473479923258,14.499192177980149,0.7910833347114405,3355,11.47006929877857,5.786775874012385,50.45109775080966,0.17307519243835542,0.08731833451947661,,
4.2672700000000185,1314,,0.01643463476355389,-1.0012383924484598,14.499167360262774,0.7915207714472032,3355,11.476392134337301,5.77368135153515,50.309202438807645,0.17341421036030036,0.08724330614782325,,
4.294805000000051,1314,,0.016396187680194796,-1.0013792465344091,14.499180696170313,0.7921436163343893,3355,11.48543343055012,5.760307818476273,50.15316011631239,0.17384127343376865,0.08718689221347443,,
4.319284999999916,1314,,0.016430642221504144,-1.000199805401725,14.499184607854925,0.7921510997070078,3354,11.4855450319672,5.771719030131246,50.2520256032002,0.17329322515184545,0.08708335587191673,,
4.344915000000038,1314,,0.016479295157515894,-0.9997488195689027,14.499201251901262,0.7910363640832156,3354,11.469395440414782,5.788413704609907,50.46834189893947,0.17271550904744426,0.08716665361855791,,
4.367359999999986,1314,,0.016466092855612513,-1.0004124437971185,14.499179818055783,0.7918371446534342,3354,11.48098914694599,5.783735726763488,50.37663264669138,0.1729699438319492,0.08713643319340945,,
4.391224999999976,1314,,0.016461346326318682,-1.0005353952381681,14.499175324311414,0.7931600018598519,3354,11.50016592719716,5.781666862390895,50.27463863558369,0.17305310372455746,0.08700182254518307,,
4.420800000000047,1314,,0.016468400759544255,-1.0014358176721077,14.499164105992788,0.7933594703946076,3354,11.503049156294944,5.78424467644249,50.28444717440082,0.17313164876144646,0.0870582924636187,,
4.447294999999926,1314,,0.016500232427213102,-1.0008877596551182,14.499167669497936,0.7930537750274234,3354,11.498619655050906,5.795644564776566,50.40295912588743,0.17269653935268622,0.08704416614175654,,
4.476025000000023,1314,,0.016512944843757316,-0.9998559435403194,14.499184319327066,0.7919094904120116,3354,11.482041665708126,5.80017270203281,50.51516856410135,0.17238382284546383,0.08707997868762793,,
4.501819999999949,1314,,0.016486439686629994,-0.9993908799526441,14.499152850527203,0.7923866860896907,3354,11.488935678337143,5.790143636368779,50.39756334684971,0.17260208774015845,0.08698724650683148,,
4.527765000000014,1314,,0.016455579101608442,-0.9991005669391892,14.499152050180651,0.7933153690150181,3354,11.50240015909392,5.778931180402053,50.241089689730266,0.1728867390439627,0.08686018162472722,,
4.550695000000065,1314,,0.01645661405784138,-0.9991696813850931,14.499176421183769,0.7924953502685257,3353,11.49052989651118,5.778890870100405,50.29264030595337,0.17289990481646406,0.08695592721868002,,
4.578594999999972,1314,,0.01639063734153523,-0.9994248849027987,14.499190354747064,0.7927094340642524,3353,11.493644980501413,5.755445425307512,50.07502350273941,0.17364857296851177,0.08695456372615386,,
4.604505000000005,1314,,0.016440947940307038,-1.0001638884233879,14.499179807986447,0.7928261401436201,3353,11.495328762414209,5.773536008943576,50.22506209497081,0.17323246739503664,0.08700611431780722,,
4.6302550000000045,1314,,0.01649091983108808,-1.000014166190567,14.499182231925678,0.7917005238321089,3354,11.479010168152765,5.791554436066481,50.453430663686525,0.1726676624090852,0.08711675933217614,,
4.656530000000028,1314,,0.016521472349587674,-0.9999892810531956,14.499148291208025,0.7927618271108481,3353,11.494371290889205,5.801944551416711,50.47639757396312,0.17235416026322065,0.0869981711697288,,
4.678820000000065,1314,,0.01654809386395595,-1.0000645599640972,14.499151400070403,0.791913507287457,3353,11.482073837921595,5.811246900182036,50.61147474064622,0.1720912184840693,0.08709790357393503,,
4.701560000000056,1314,,0.016535128134236077,-1.000085994261879,14.499147782614063,0.7918108712117728,3353,11.480582837579886,5.806688478272592,50.57834223594736,0.1722300064837283,0.08711108211233443,,
4.734880000000005,1314,,0.016500667679048897,-0.9997079467824029,14.499138300261174,0.7915390873103705,3353,11.476634696975566,5.794185352144014,50.48679778638379,0.17253641125106267,0.08710810905620754,,
4.763479999999982,1314,,0.016523829998503103,-0.9991939171092745,14.499118339985849,0.791870754805013,3353,11.481427783891801,5.801710063003874,50.5312594583711,0.1722240350273442,0.08702697398934323,,
4.789080000000075,1314,,0.016508429546854053,-0.9988744160916371,14.49905694601571,0.7930960019463811,3352,11.499144095877966,5.795607634447681,50.400339243728574,0.172350248514853,0.0868651099388952,,
4.815260000000009,1314,,0.01646930647457423,-0.999271348891808,14.499054065791974,0.7934706909513143,3352,11.50457444772442,5.781427961688651,50.253296964254126,0.1728416155167207,0.08685861032343199,,
4.843430000000051,1314,,0.01645055238186366,-1.0000126901619266,14.499063272166824,0.7908631779883881,3352,11.466775257280572,5.775050755287909,50.363337779914794,0.17316084871570486,0.0872095831412577,,
4.867289999999921,1314,,0.01646071260486992,-0.9999060095226193,14.499051243787413,0.7913714821385764,3353,11.474135672399216,5.779028026352027,50.36569369014307,0.17302321514329172,0.08714434255190755,,
4.895265000000014,1314,,0.016519354167171207,-1.0002255315680533,14.499060514802688,0.7899316689111617,3353,11.453267070102015,5.800801210622863,50.64756785219359,0.17242885857497844,0.08733102314352513,,
4.921665000000037,1314,,0.016501170315100677,-1.000295742251121,14.499041389345068,0.7895736754975515,3354,11.44806140097631,5.79508353298387,50.62065383829663,0.1726110998327701,0.08737686733282318,,
4.9467449999999955,1314,,0.016502076501436647,-0.9992941936096288,14.499046186846773,0.7884944048748168,3354,11.432416794350228,5.7966608328257525,50.703722030939225,0.1723913512328948,0.0874088315345071,,
4.9772449999999955,1314,,0.016442490542079913,-0.9973279703445743,14.49902560854124,0.7893469814986822,3355,11.444762098774122,5.776398273738475,50.47198206380541,0.1726556797301834,0.08714274370555948,,
4.999650000000023,1314,,0.016445683278792256,-0.9962816296419886,14.49904337211192,0.7879332852621328,3355,11.424278877346298,5.777782340895982,50.57459120989246,0.1724332227938326,0.08720739753802395,,
5.024890000000014,1314,,0.016481035204036543,-0.9948770662148673,14.499046144188732,0.7882568145137863,3355,11.428971927106605,5.790531425834012,50.665374477824635,0.17181101233235682,0.08704869279233006,,
5.051755000000004,1314,,0.01646773104005017,-0.9945291278532011,14.499015675798688,0.7887362254687729,3356,11.435898897142026,5.786922172895576,50.603124642364584,0.17185804442149136,0.08696554042653755,,
5.075594999999972,1314,,0.016475318731419386,-0.9937622874803144,14.498998362251642,0.7896733851380209,3356,11.449473117829875,5.790802202742462,50.577019074568966,0.17161046996384702,0.08679546012757236,,
5.102625,1314,,0.01649916427912068,-0.992779219104661,14.498987323835708,0.7903409694986097,3356,11.459143698268365,5.799274223679306,50.60826861395984,0.17119025257522652,0.08663642286418693,,
5.124400000000024,1314,,0.016545326850342823,-0.9914156289448095,14.49900001493479,0.7900899878024581,3357,11.455514744947667,5.8169550440293,50.77864394172952,0.17043549785766843,0.08654483460745951,,
5.148195000000065,1314,,0.01653010995981885,-0.9914374115637933,14.499024793148656,0.7900047218245092,3357,11.454298048438066,5.811658461687226,50.73779673892559,0.17059457607492676,0.08655592925652811,,
5.1753649999999904,1314,,0.016571437374738207,-0.9922073102292988,14.499003569979603,0.7906731698667988,3357,11.463973112585805,5.825615415837214,50.81672260240667,0.17031802469005003,0.08655003814864123,,
5.20425,1314,,0.01668374464838629,-0.9916798374629713,14.498981366682727,0.7904915468000069,3357,11.461322207573508,5.864466248616056,51.16744946530589,0.16909976039115168,0.08652403444409588,,
5.2289250000000465,1314,,0.016762465197843412,-0.991574004353358,14.498947674399737,0.7917066027863702,3356,11.478912607276358,5.891466309673258,51.32425440663013,0.1683068275762322,0.08638222436895372,,
5.255694999999949,1314,,0.016734572023447858,-0.9929941098796353,14.49895790397646,0.7918207973346931,3355,11.480576408048792,5.880069119574133,51.217542661462,0.16887456417375474,0.08649340195005087,,
5.28001000000001,1314,,0.016706344118753824,-0.9940867893675852,14.49895529139561,0.7919165415197378,3354,11.481962530011314,5.868309805891685,51.10894405510573,0.16939916641236946,0.08657812519151338,,
5.307579999999958,1314,,0.016696777916162975,-0.9956407588249158,14.498962214817762,0.7929076879085979,3354,11.496338606825276,5.864621724299627,51.01295225262287,0.1697706698966707,0.08660503077334661,,
5.333054999999935,1314,,0.016633749299695078,-0.9966168731724762,14.498981281400518,0.7918374696592767,3354,11.480836650501404,5.842175702622264,50.88632371027696,0.17059002055093006,0.08680699007497428,,
5.357890000000014,1314,,0.01663727400387538,-0.9986933870587321,14.498967922767905,0.7910786389935871,3354,11.46982381115491,5.843545790224765,50.94712775397351,0.17090537541938533,0.08707137995332227,,
5.3820450000000415,1314,,0.01659315141030482,-1.0009767487043162,14.498950586682955,0.7912314686353179,3354,11.472025966372058,5.828252680913066,50.80404017561867,0.17174559915399912,0.08725370319405469,,
5.42138500000001,1314,,0.01659242820491469,-1.0040805622739224,14.498972190555197,0.7903027889771701,3354,11.4585781594982,5.827053219523037,50.853196080814776,0.17231360765847092,0.08762697677648808,,
5.449844999999972,1314,,0.016580959381864324,-1.004585704374875,14.498998221724259,0.7884707726402731,3352,11.432036330392872,5.8207294330871795,50.915945898565425,0.17258759678201807,0.08787460740516657,,
5.476064999999944,1314,,0.016525133857224983,-1.0042157939336431,14.499031058265748,0.787218479493806,3347,11.41390518382143,5.791869147653525,50.743974602690535,0.17338371574580264,0.08798178868325125,,
5.502949999999953,1314,,0.016474129832952378,-1.0047622333265516,14.49903762805037,0.7891022167130068,3344,11.441222732499844,5.769352198462179,50.42601069266666,0.1741551215393595,0.08781948020926401,,
5.532539999999921,1314,,0.01641786190170036,-1.0050797816129349,14.498986714656153,0.7907114494240681,3344,11.464514800326075,5.749319590334013,50.148826099212584,0.17481717024440865,0.0876687586974329,,
5.556609999999986,1314,,0.01640219322077463,-1.005149648218941,14.498937153246125,0.7918260280269496,3344,11.480635816667247,5.743384565627722,50.02671156321888,0.1750099852679956,0.08755174053685201,,
5.583239999999991,1314,,0.01635443300088346,-1.0055782026859488,14.498899962152235,0.792103091968535,3343,11.48462349016326,5.725805788261522,49.85627777145463,0.17562212898444535,0.08755865645462739,,
5.606609999999986,1314,,0.01636688027790556,-1.0055987572934184,14.498897067983046,0.7907666936824655,3343,11.465244896491347,5.729821585892589,49.975570845818204,0.17550262991945617,0.08770844115167194,,
5.632755000000005,1314,,0.01632622199792666,-1.005685769569872,14.498831564788318,0.7929464945598839,3344,11.496797664513092,5.716790165771294,49.72506547120666,0.17591790854793207,0.08747529520103668,,
5.670390000000014,1314,,0.016275708636298236,-1.0060952132661651,14.498810640298826,0.7926872327859869,3344,11.4930220851465,5.6991052746737525,49.58752565210186,0.1765356428380347,0.08753965717741337,,
5.698905000000028,1314,,0.016259241799860824,-1.0059519208560326,14.498804269438754,0.7923765252059285,3343,11.48851214665876,5.692095307420999,49.5459745766683,0.17672787726244416,0.08756154913833615,,
5.726785000000032,1314,,0.016227681311213327,-1.0061634997870734,14.49879824099735,0.7910591507274898,3343,11.469407023092588,5.681058506372944,49.532277431035965,0.17710845587285734,0.08772585171676761,,
5.756784999999916,1314,,0.016216827085438923,-1.0056857728917756,14.498778500895256,0.7916112395433483,3344,11.477396020958142,5.678530523940397,49.47577406557371,0.17710317284583668,0.08762316566016863,,
5.781619999999996,1314,,0.016193276812606183,-1.0039080318702929,14.498752355466035,0.7915146845179584,3344,11.475975396540704,5.670289757528863,49.41008987556826,0.17704704253205575,0.08747910283712432,,
5.8090850000000795,1314,,0.01622105100597504,-1.0025800324018903,14.49874728665629,0.7935463691934421,3344,11.505428267179369,5.680850327417711,49.37539216704368,0.17648414843163512,0.08713974040078731,,
5.846900000000023,1314,,0.01625233429684869,-1.0015998873848957,14.498710602304111,0.7934251735275171,3345,11.503641975558391,5.692416340472027,49.483601389600054,0.17595337857909402,0.08706806848761281,,
5.8784899999999904,1314,,0.016335831499373565,-1.0041944080483964,14.498708122290727,0.7925747724493033,3345,11.49131029083344,5.721856312460493,49.792897133974265,0.17550150741492077,0.08738728505568572,,
5.904234999999986,1314,,0.016434980823507472,-1.0053022512072007,14.4986918964347,0.7919141948959076,3345,11.481719920208906,5.757147350890763,50.14185497381488,0.17461812073502986,0.08755676485695965,,
5.930800000000047,1314,,0.016507405080299575,-1.0058490060618068,14.498713417291288,0.7912700407630249,3345,11.472397556711494,5.782485719189964,50.4034635358948,0.17394751235161038,0.08767557095974005,,
5.957400000000023,1314,,0.0165493773419072,-1.0077219632221877,14.498714453190326,0.7902142330179234,3345,11.457090521373674,5.797607859624074,50.60279351732797,0.17381685474800804,0.08795618410644838,,
5.979904999999912,1314,,0.01656773718017468,-1.0091264352525324,14.498708861757233,0.7900764898694126,3345,11.4550890051357,5.803550664398443,50.66351437161699,0.17388086942067413,0.0880941592684358,,
6.006244999999995,1314,,0.01657546699167678,-1.0098601990371947,14.498723756003933,0.7897586654437092,3345,11.45049272417867,5.806275885176042,50.70765097222066,0.17392563133547628,0.0881936020888246,,
6.031790000000037,1314,,0.01659053029552604,-1.0102468927597148,14.498720063991005,0.7896648969167581,3345,11.44913028475639,5.81093699773128,50.75439665026855,0.17385266664466292,0.08823787201590137,,
6.055535000000033,1314,,0.016667013513186113,-1.0094322677108951,14.498755776313478,0.7888337940128287,3345,11.437108527494777,5.8374610758758685,51.039657985605615,0.17292316892398926,0.08825939399667518,,
6.08307500000007,1314,,0.01667738354962789,-1.0073128156738116,14.49874629089192,0.7884633256231091,3344,11.43172971788236,5.840665664391416,51.09170535457126,0.17246541294343568,0.08811552061960476,,
6.121530000000028,1314,,0.01666694527103063,-1.0058685130724754,14.4987274723081,0.7882913342316387,3344,11.429221223806667,5.8361302730263445,51.063236582295644,0.17235196371839706,0.08800849098775744,,
6.146130000000005,1314,,0.016671426648818044,-1.0042272853928902,14.49872106271243,0.7887337723060106,3344,11.435630957405786,5.838334040038952,51.053886416805106,0.1720057945478896,0.0878156429788027,,
6.1762249999999765,1314,,0.016663100240193462,-1.0024829334256113,14.498731280100305,0.7886132738331353,3344,11.433891941226786,5.835784704590955,51.03935505590243,0.1717820283255083,0.08767643935928705,,
6.203390000000014,1314,,0.016667777551624074,-1.0014432409487242,14.498724024921135,0.7887396835881928,3344,11.435718999848826,5.8366246528706744,51.03854556891291,0.17157917469580236,0.08757151526388177,,
6.228515000000014,1314,,0.016632968783192537,-1.0000687561197328,14.498723434452767,0.7864847733136031,3344,11.40302521368221,5.8249965412149365,51.082905036688565,0.17168572531223264,0.08770205602279779,,
6.250675000000046,1314,,0.01663754197167233,-0.9988875747176276,14.498686421300494,0.7886070070703206,3344,11.43376570515288,5.827017626844108,50.963241482358114,0.17142346886268503,0.08736295639392513,,
6.2771149999999905,1314,,0.01668389340189691,-0.997973500549892,14.498672786384297,0.7892348924944945,3345,11.442858457874864,5.843541349383054,51.06714699736224,0.1707823117663496,0.08721365419521522,,
6.2995,1314,,0.016716581566282307,-0.9981147941169649,14.49866448227467,0.7899681479733065,3345,11.45348312914888,5.85603780035786,51.12888135709881,0.1704419998887252,0.08714508790577281,,
6.325265000000014,1314,,0.016752023615868028,-0.9984719452268771,14.498667173369277,0.7898067575647372,3346,11.451145309209082,5.869295024795249,51.255091663845405,0.1701178661165885,0.08719406821463525,,
6.34768499999994,1314,,0.01676432993400201,-0.998773668579567,14.498662819248626,0.7891829837433308,3345,11.442097983983123,5.873198236601725,51.32973205458602,0.1700561820568591,0.08728938259204476,,
6.378780000000028,1314,,0.01675946585373811,-0.9989068880567376,14.49863458458531,0.7900809591949713,3346,11.455095119606547,5.871595305128151,51.25749933824928,0.17012529579215196,0.08720197236485693,,
6.402604999999982,1314,,0.016739254181840524,-0.9992572423848839,14.498623406908248,0.7897238117399887,3346,11.449908141886203,5.8646503292954035,51.22006444611781,0.1703864998384205,0.0872720750247234,,
6.4284900000001075,1314,,0.016724061318364902,-0.9996775453062657,14.498657154836655,0.7890940450987514,3345,11.44080402281001,5.858089802668416,51.20348002630669,0.17064906462357457,0.0873782597196112,,
6.4506500000000235,1314,,0.016734051406266826,-1.0001387994295357,14.498644530007986,0.7885314401913992,3345,11.43263705207035,5.861330368651044,51.26840239881146,0.1706334119603145,0.08748102427063574,,
6.476150000000024,1314,,0.0167192420723562,-1.0014470604405543,14.49864663209587,0.7895221290070376,3345,11.447002356693046,5.855951425347506,51.157073641410925,0.17101355317016245,0.08748552933205343,,
6.499785000000033,1314,,0.016724372804669763,-1.002614515508072,14.49864492153904,0.7898030990126417,3345,11.451074690515432,5.857920660547652,51.15607765094384,0.17115535931726641,0.08755636851609275,,
6.525984999999986,1314,,0.016728344963484076,-1.0044024329439865,14.498627015862578,0.7896980222735634,3345,11.449537080108735,5.859421649854045,51.17605724019716,0.17141665047590585,0.08772428316677827,,
6.551814999999944,1314,,0.0167675725223011,-1.0051263550105443,14.498629787840143,0.7896889825918676,3345,11.449408206135628,5.87320070678412,51.29698060408684,0.17113775012822655,0.08778849848954698,,
6.575409999999916,1314,,0.0167757547162799,-1.0054382734501812,14.498650671745166,0.7895642772466629,3344,11.447616638688315,5.8741138010805365,51.31298493372331,0.17116424834418975,0.08782948496477481,,
6.5977249999999765,1314,,0.01676304174593013,-1.0055728175817629,14.49869456653703,0.7876251422993081,3343,11.419536371122934,5.869042143919791,51.39474977951895,0.17133508210083584,0.08805723673025793,,
6.626334999999963,1314,,0.01672862868246816,-1.0053514128718475,14.498632647280155,0.7898302971626789,3344,11.451459332253803,5.857350692805929,51.149382125545415,0.17163927270167254,0.08779242747168545,,
6.652150000000023,1314,,0.016673813572771756,-1.0046401562149319,14.498640193132552,0.789541660122361,3343,11.447280447602664,5.837616919312238,50.995666141251704,0.17209765047982872,0.0877623432756317,,
6.6756350000000095,1314,,0.01664039465181255,-1.004729121813795,14.498629434507098,0.7897401705546374,3342,11.450150082416123,5.824379369994338,50.8672753463623,0.17250406575332194,0.08774811811041214,,
6.703260000000009,1314,,0.01663206128900052,-1.004332735792782,14.498628322873058,0.7881328778430763,3342,11.426845664883079,5.821237871888399,50.9435240713734,0.17252906647963148,0.08789238651216688,,
6.727635000000009,1314,,0.016644513056726762,-1.003816971451715,14.498676404504073,0.7846355548011583,3343,11.376177004530517,5.8265761562647835,51.21734791876369,0.1722824767976992,0.08823851554454092,,
6.753119999999996,1314,,0.016579601735513427,-1.0030610450851216,14.498673876164393,0.7843026477597668,3343,11.371348310081094,5.80393996556016,51.040033312626306,0.17282415928440992,0.08820950847102918,,
6.775615000000107,1314,,0.016565611469767982,-1.0034373068543192,14.498629863120023,0.7865318447495573,3343,11.403634092580813,5.799703821889247,50.85838229115511,0.17301526727401925,0.08799276605228451,,
6.798015000000014,1314,,0.016539891645023896,-1.00448623696849,14.498604936146398,0.7875354881091776,3343,11.418165915290185,5.790442966602741,50.71254884156744,0.17347312507212606,0.08797264327919528,,
6.8251050000000975,1314,,0.01651785011352591,-1.0053700717069738,14.498549934531258,0.7904928817952261,3341,11.461000519599601,5.779775300654464,50.42993664270756,0.1739462209877142,0.08772096903648836,,
6.853544999999926,1314,,0.016554761806276685,-1.005750994324407,14.498568920931154,0.7899957652109821,3341,11.453808049155171,5.7921366208322596,50.5695275839679,0.17364075818016406,0.08780931110492905,,
6.878150000000023,1314,,0.016561853115697023,-1.005393613897802,14.498584669523323,0.7882478066774203,3341,11.42847756567863,5.794263842958509,50.70022502699329,0.17351533191219942,0.08797266373581938,,
6.904304999999935,1314,,0.016567969814912376,-1.0049077929331343,14.49859028335063,0.788268021339279,3341,11.428775074865698,5.796524729572084,50.718687624887046,0.1733638412351463,0.087927865090559,,
6.931380000000004,1314,,0.016591950233213915,-1.003896131593212,14.498543774726034,0.7905160311061765,3342,11.461331281615587,5.806614493610814,50.662652975792135,0.17288837285441078,0.08758983637472376,,
6.957010000000009,1314,,0.016639435517906476,-1.0037400234259024,14.498491482731584,0.7925896258908782,3342,11.49135394028031,5.8235179852044565,50.6773876731048,0.17235973615537178,0.08734741168379834,,
6.980015000000014,1314,,0.01657960395894653,-1.004355272200982,14.498494295815188,0.791657158864908,3342,11.477836802044127,5.802089547434934,50.5503750184148,0.17310233907799663,0.08750388156957528,,
7.006604999999982,1314,,0.016558844385899274,-1.0050005540281581,14.498464978318854,0.7920117196190497,3342,11.482954179314884,5.79442701649029,50.461117635810396,0.17344261152449403,0.08752108023199655,,
7.032370000000112,1314,,0.016489723593145378,-1.0042497495298144,14.498449485382464,0.7932922515429841,3341,11.501507636141275,5.769873237215585,50.1662340255713,0.17405057411875538,0.08731461833526524,,
7.066390000000014,1314,,0.016407402061139442,-1.0025925994083649,14.498449821126972,0.7924633859178412,3341,11.4894906358102,5.739653589557171,49.95568360243875,0.17467824212117955,0.08726170995635835,,
7.093814999999944,1314,,0.016436890278918814,-1.0015747199741047,14.498438259946681,0.79246841830571,3340,11.489554435762937,5.749269338559698,50.03909743152656,0.17420904483577704,0.08717263367990627,,
7.116185000000056,1314,,0.016471143657641463,-1.001219460966432,14.498425860229668,0.7922195719571774,3341,11.485936729044019,5.762276536160201,50.16810271633629,0.17375414988910148,0.08716916039026136,,
7.146089999999967,1314,,0.016391831649175348,-0.9998335344495425,14.498469528065216,0.7912944876039649,3342,11.472559016252065,5.735887900015934,49.99658656704625,0.1743119028610662,0.08715000141059855,,
7.173275000000023,1314,,0.016355191076191655,-0.9998150654721133,14.498470432882101,0.7908393075393572,3342,11.465960317520326,5.724029027329272,49.92193299834456,0.1746698104951101,0.08719854576370428,,
7.1947149999999676,1314,,0.01633355763287425,-1.0003726150642505,14.498415715665738,0.792808299503855,3343,11.494464309036921,5.717930598792573,49.74508115438793,0.17495361263662315,0.0870308165886217,,
7.217015000000014,1314,,0.01629296767677202,-1.0007983421879445,14.498396497210365,0.7937609430048407,3343,11.508260875683778,5.70343752062116,49.559508445556354,0.17547283345692685,0.0869634737167427,,
7.246089999999968,1314,,0.016292851462321845,-1.0009656599730135,14.498403581419769,0.7945864326033303,3342,11.520234780203682,5.702043115233718,49.495893304467046,0.1755450879174886,0.08688760941687301,,
7.271910000000033,1314,,0.01625364476696367,-1.0003089772023066,14.498381783004692,0.7957891064316489,3341,11.537654283802201,5.686315078986094,49.28484542104155,0.17591515125480314,0.08669951036812118,,
7.29981500000006,1314,,0.016235954894710414,-0.9996248733208366,14.498396667140367,0.7940824644700677,3340,11.512922556307439,5.678681990937918,49.324417524434836,0.1760311415423588,0.08682633522738192,,
7.327510000000009,1314,,0.016204858457405713,-0.9990696799366621,14.498401178780398,0.7940767033723828,3341,11.512842612216208,5.668886512180445,49.23967696878983,0.17623737532759076,0.0867787143095794,,
7.353015000000014,1314,,0.01622460354036681,-0.9979516624057664,14.498424662807196,0.7938530793317722,3341,11.509619064029204,5.676792586580053,49.32215875260047,0.17579498408395716,0.08670588112899809,,
7.37545000000007,1314,,0.01622589314691436,-0.9973674254543419,14.498407503030286,0.7931918154163942,3341,11.500018167975263,5.677621757072842,49.37054597777619,0.17566640895228375,0.0867274651992956,,
7.4012349999999865,1314,,0.016216077054738154,-0.996911424867396,14.498462231176248,0.791466127839515,3343,11.47504176173652,5.677391656171843,49.47599994888979,0.17559320991773789,0.08687649644915395,,
7.427944999999949,1314,,0.016211192180955902,-0.9958991406240226,14.498458497588834,0.790498208156567,3344,11.461005463376326,5.676544546664632,49.52920199544486,0.1754410861109481,0.08689456992289386,,
7.449875000000117,1314,,0.016179734877435403,-0.9956547373191061,14.498448053078302,0.7908029012169515,3344,11.465414783517584,5.665498597633558,49.41381279792989,0.1757400024306748,0.08683983581217108,,
7.474530000000028,1314,,0.01619526658186976,-0.9953858964367573,14.4984642367106,0.7901907569062525,3344,11.456552429184581,5.671598325989861,49.50527971697622,0.17550359514626473,0.08688354569050787,,
7.49838500000001,1314,,0.01619719672359199,-0.9944552600257048,14.49845607273991,0.790559057683291,3344,11.461885770727852,5.672626540917049,49.49121509659598,0.17530772612168807,0.08676192381583601,,
7.52479999999993,1314,,0.016234899463478447,-0.9935665601745589,14.498459244234214,0.7901657035847804,3344,11.456185249615592,5.685560057393419,49.62873708404982,0.17475262773498268,0.08672752216606289,,
7.550979999999981,1314,,0.016272955806415856,-0.9924230755008805,14.498475954131372,0.7885427544374974,3344,11.432668164016576,5.698676789402599,49.84555405306643,0.1741497389966764,0.08680590228486243,,
7.577880000000005,1314,,0.016320660685082755,-0.9923514741397915,14.498466034762902,0.7882495739091295,3345,11.428409674237844,5.7161736480030205,50.017227339063076,0.17360415117663114,0.08683198296406634,,
7.601160000000033,1314,,0.016313244831737128,-0.9921977269826499,14.49846886126061,0.7879212542976375,3345,11.4236517705597,5.714053416355675,50.01949929077466,0.1736416611266922,0.08685468945575513,,
7.626040000000037,1314,,0.016266430607743798,-0.9925129648309852,14.498424502251087,0.7896173212255839,3345,11.448207117458873,5.697684138135982,49.769226566899164,0.17419585585446112,0.08669593017035584,,
7.657270000000018,1314,,0.016266221885657517,-0.9921695771307121,14.498422792400895,0.7892693293224977,3344,11.443160433592269,5.696304178363006,49.77911662971246,0.17417777317780808,0.08670415685321713,,
7.679984999999986,1314,,0.016201363388993695,-0.991672118109399,14.498402893624434,0.7895786053312621,3344,11.447628736278716,5.672670525280359,49.553236359798085,0.17481574395868654,0.08662685879798739,,
7.706704999999958,1314,,0.016174671148278086,-0.9907592205724974,14.498425007495468,0.7888628192614986,3343,11.43726842626429,5.66322325209707,49.515522771959866,0.1749461704879148,0.08662551088661519,,
7.732435000000056,1314,,0.01615533588305873,-0.9911469473498814,14.498417905790125,0.7902699912612818,3344,11.457664591711174,5.657148320293072,49.37435788079909,0.17520257402382097,0.08650514591489329,,
7.765675000000047,1314,,0.01616650736897307,-0.9921720089878929,14.498419499591432,0.7895387100735405,3344,11.447063429812484,5.660550333703802,49.44980316053449,0.1752783652643005,0.08667480660619925,,
7.797219999999972,1314,,0.016163909655784292,-0.9932421128489393,14.498392580212284,0.7911031810320379,3343,11.469724490057233,5.658520460852638,49.334406120721056,0.17553035633969863,0.08659685886177577,,
7.824,1314,,0.016148399389224966,-0.9932801389634122,14.498431772926544,0.7897913843998514,3343,11.450736501566448,5.653654611299833,49.37372028887766,0.17568815346062444,0.08674377747034286,,
7.847515000000014,1314,,0.01619130588660067,-0.9929221532223151,14.49842204770125,0.7896984105050431,3345,11.449380845900949,5.670965985449003,49.530765565190315,0.17508871606178392,0.08672278148366391,,
7.874709999999963,1314,,0.016279215262392177,-0.9930824726727094,14.498418989425726,0.7883015563629596,3345,11.429126254166588,5.702891695613838,49.897879932289655,0.1741366530661105,0.08689049806503558,,
7.900599999999977,1314,,0.01634772541041518,-0.9933543762466245,14.498398203493846,0.7884478503280374,3345,11.431230896744603,5.726846443812603,50.09824834737175,0.17345573798645572,0.08689828638922102,,
7.926535000000032,1314,,0.016379049206761698,-0.9948963852398348,14.498378614691962,0.7884917928262745,3345,11.431852546972582,5.7375205674192875,50.188895840322175,0.17340179848581092,0.08702844802728901,,
7.948125,1314,,0.016370134527397107,-0.9961387122610543,14.498383132086177,0.7884169875466176,3345,11.430771553296077,5.734142506233677,50.16408979479805,0.17372060620714191,0.08714536088981818,,
7.973435000000056,1314,,0.016324916705970804,-0.9975822947896037,14.498389156451728,0.7881964921556188,3345,11.427579475022313,5.7189994285000845,50.04558875307159,0.17443301179892556,0.08729602773448714,,
7.996975000000093,1314,,0.01623894085927724,-0.9975360968214316,14.498367956138429,0.790095203860913,3346,11.45509098595572,5.689214410324719,49.66537950069417,0.175338109073744,0.08708233728081605,,
8.024580000000075,1314,,0.016256585450048155,-0.9968998986620956,14.498365627066086,0.7899212417874928,3345,11.452566980021144,5.69508274787525,49.727565512694646,0.1750457267778987,0.08704597846065207,,
8.051449999999953,1314,,0.016266861845397607,-0.9977583204775343,14.49835627836342,0.7906960103703848,3345,11.463792466230377,5.698914169516972,49.71229360880901,0.17507867126942572,0.08703562310785846,,
8.076385000000009,1314,,0.016257434086126454,-0.998945211333459,14.498330484044896,0.7904235376740947,3345,11.459821671566935,5.694949210468303,49.69491998813639,0.17540897634297153,0.0871693504456488,,
8.099040000000038,1314,,0.016320716889693276,-0.999554598680291,14.49832707181753,0.7898142883829609,3345,11.450985878970979,5.71643375820127,49.92088732463765,0.174856324932699,0.08728982894965494,,
8.131435000000057,1314,,0.01641178916038044,-0.9993372847563393,14.498279177121795,0.7907035345258557,3345,11.463840589892818,5.7484400634100075,50.14410326394597,0.1738449516273684,0.08717299206318453,,
8.166,1314,,0.016471694625110778,-1.0021370050751406,14.49826904050253,0.789702383517024,3345,11.449317618155925,5.769150146565298,50.38859379197223,0.1737061750198631,0.08752809892233114,,
8.196869999999995,1314,,0.016514992736919143,-1.0042552530034372,14.498251972223112,0.7905116087186645,3344,11.461036490170644,5.783768674858425,50.46462141376805,0.17363337115622443,0.08762342340195138,,
8.22375,1314,,0.016589285063768555,-1.003898338222285,14.498252558226191,0.7909788419682942,3344,11.467811019069611,5.809279056748837,50.65726185310076,0.17280945336169076,0.08754053729634373,,
8.247214999999967,1314,,0.016656253250839637,-1.0036199086885578,14.498275018179339,0.7895565080295315,3344,11.44720739580547,5.832693717541618,50.952983691715545,0.17206799418769522,0.08767377701711843,,
8.273734999999986,1314,,0.016654377057663705,-1.0035897509849054,14.498319811870655,0.7877152708219528,3344,11.420547917070976,5.832178176047214,51.06741128706713,0.1720780334021093,0.08787579705215193,,
8.303535000000032,1314,,0.0166302821175196,-1.0052504572094665,14.498299472358642,0.7879302440019216,3344,11.423648640868477,5.823807533686069,50.98027536361025,0.17261052179264105,0.0879973193164529,,
8.32823999999999,1314,,0.016546012841872626,-1.0054870567579002,14.4982776190517,0.7888899054846858,3344,11.437544860584433,5.7937801515856275,50.65580264128099,0.1735459459024728,0.08791109184830091,,
8.350390000000013,1314,,0.016529990577344944,-1.0054857273975653,14.498296985546215,0.7880405660456169,3344,11.4252461631873,5.788613312858448,50.66510804388306,0.17370062103890146,0.08800560732225528,,
8.372045000000043,1314,,0.016518242838018726,-1.0056777012880893,14.498283999996145,0.7882806962057469,3344,11.428717405305603,5.784975086074853,50.61788546271403,0.17384304795173267,0.08799567489709906,,
8.399260000000009,1314,,0.016505766169385594,-1.0061089475778642,14.498244340299289,0.7889118347537019,3345,11.437836543212986,5.781190137632043,50.54443745362405,0.17403145781846974,0.08796322134668656,,
8.425284999999915,1314,,0.01654802918456355,-1.00622519699557,14.498251481411847,0.78967271162363,3345,11.448873561127803,5.7959727849451035,50.62483006733595,0.17360764695259012,0.08788857625364928,,
8.45475,1314,,0.01654753957404631,-1.0057742382562223,14.498246263716,0.789874180241781,3344,11.45179038249614,5.795213497247265,50.60530540364366,0.17355257726638829,0.08782681176155044,,
8.478594999999972,1314,,0.01655149628761743,-1.0044548848932642,14.49822521927577,0.7912617389635948,3343,11.471890898889992,5.795123418565566,50.51585191702177,0.17332760880904433,0.08755791819729161,,
8.505400000000023,1314,,0.016558185428771077,-1.0032454095442698,14.498229903592126,0.7913137660641827,3343,11.472648906275838,5.796490930772751,50.52443405290576,0.17307806076572665,0.08744671067162775,,
8.532165000000036,1314,,0.01651581383487366,-1.0023072983319854,14.498233920483761,0.7904035091493959,3342,11.45945496721917,5.780815135122051,50.44581222805628,0.17338511523095498,0.08746552966080655,,
8.558630000000004,1314,,0.016436251760335696,-1.0012022774451297,14.498246794869722,0.7882275307750843,3342,11.427917271687942,5.752749605006055,50.33944040930526,0.1740389111623912,0.08761021397359563,,
8.582880000000005,1314,,0.016409529745211704,-1.0008098515741146,14.498214256712467,0.7890154446987532,3343,11.43931496909779,5.744529784804831,50.21742823170029,0.1742196296416482,0.08748861748082873,,
8.610020000000018,1314,,0.016348231639776833,-1.0011721983730215,14.498165447505091,0.7903713208949479,3342,11.458934175298092,5.722026183691831,49.93506460685275,0.17496812601564654,0.08737044676731263,,
8.641494999999995,1314,,0.01628776248760966,-1.0021709569381532,14.498182860931273,0.7894586743896548,3341,11.445716222449615,5.698865817429877,49.79038189197919,0.1758544575436452,0.08755860598504935,,
8.673074999999953,1314,,0.016293953412246376,-1.0024337808199406,14.498221763245605,0.786439978712884,3340,11.401981214861545,5.6986807107266895,49.97974126899041,0.17590628984232234,0.08791750853907307,,
8.699065000000061,1314,,0.016305009135485826,-1.0028993978497243,14.498221276953231,0.7862385737191881,3340,11.399060818256896,5.7028315230493405,50.02895952546903,0.17585990289144426,0.08798087963908978,,
8.72417499999993,1314,,0.01634968603477116,-1.0024598988262117,14.498197897436006,0.78728502487703,3340,11.41421409235501,5.7184678051384985,50.09953167926474,0.17530218460361385,0.08782557350993069,,
8.752525000000023,1314,,0.016418587682323627,-1.0022022921982645,14.49822295417209,0.7861527181894981,3340,11.397817384339763,5.74196274369759,50.3777394397182,0.1745400200128932,0.08792931650012735,,
8.78075,1314,,0.016426369998339352,-1.0020895114309865,14.498249735574703,0.7849655587709259,3340,11.380626704885826,5.744509781215453,50.4762165579974,0.17444299854929643,0.08805222571800712,,
8.807810000000057,1314,,0.016498460320557462,-1.0021623292929063,14.498219591346729,0.7849485017747924,3340,11.380355746629556,5.769852496476554,50.70010661297098,0.17368941925376627,0.08806072073710965,,
8.831590000000084,1314,,0.01654081721801881,-1.0031787802873886,14.498159318313181,0.7864972463424202,3339,11.402762380887017,5.784271162146026,50.72692886981014,0.1734321839633809,0.08797682059646249,,
8.853795000000042,1314,,0.016566307130941982,-1.0042425569210414,14.498176450922726,0.7862711278662764,3339,11.3994975500713,5.793072810916555,50.818667976119,0.17335231054383282,0.08809533512420116,,
8.876525000000024,1314,,0.016593923519259368,-1.0047029591853376,14.498175590273554,0.7866267052402669,3340,11.404652096571748,5.80309886395176,50.883611484265955,0.17313214589991682,0.08809588847408617,,
8.903444999999948,1314,,0.016565419161331585,-1.0053979867819303,14.498150004407998,0.7868819536244229,3340,11.408332599408501,5.793691728288623,50.78473718928053,0.17353322094665727,0.0881283901938534,,
8.93086499999999,1314,,0.01655414207884398,-1.0054437385851815,14.498116561309338,0.7878790252540071,3340,11.422761944343378,5.790257233422432,50.69051829702013,0.17364405380499764,0.0880210708657098,,
8.95520000000007,1314,,0.016556774580193,-1.0060850476176877,14.498104100928508,0.7889909101004151,3340,11.438872349322144,5.79148118857168,50.6298261901216,0.17371808952828743,0.08795316678897175,,
8.976355000000098,1314,,0.016554718893362463,-1.0062509029826887,14.498081938800564,0.7907369571559733,3340,11.46416919688513,5.790073503265922,50.50582736374052,0.17378896872640864,0.08777355652218495,,
8.998909999999917,1314,,0.016583808256522836,-1.0055778571576566,14.498088710233233,0.7920989023973632,3339,11.483920154235348,5.798606167104194,50.49326440123,0.17341716753628728,0.08756398892122152,,
9.02592499999993,1314,,0.01656445955793384,-1.005474344580569,14.498121455533461,0.7921951902910163,3339,11.485342085328595,5.791198611368216,50.4225173995114,0.17362111232151609,0.08754413556954167,,
9.053094999999972,1314,,0.01657316135665521,-1.0053391110069252,14.498110108710065,0.7927649459446189,3339,11.493593476630668,5.7942826553731495,50.413151179867,0.17350536223403856,0.08746952056822171,,
9.07938500000001,1314,,0.016560882075826178,-1.0051830736934644,14.498138250839894,0.7920867065769814,3338,11.48378257860553,5.78948610936287,50.41445246576486,0.17362215828929317,0.08753066046079072,,
9.107494999999995,1314,,0.01656474674302122,-1.0042717265575316,14.49810430005811,0.7931381153380506,3338,11.498999120522576,5.790638100999922,50.35775757792008,0.17343023498293134,0.08733557729952172,,
9.132005000000005,1314,,0.016603270729902087,-1.0045463372489927,14.498108869586822,0.7921473903896117,3338,11.484639106627684,5.804037979279001,50.53739978585432,0.17307714746790495,0.08746868995380777,,
9.170800000000046,1314,,0.016754709289387826,-1.004473678532453,14.498093068284627,0.7925427444577477,3339,11.490358469742146,5.858342766224108,50.98485640505499,0.17146038028428115,0.08741882867950196,,
9.198699999999953,1314,,0.016810926861782205,-1.0049955040677938,14.498078156107308,0.7923646928752266,3340,11.487765245444999,5.87968667361419,51.182162483216985,0.1709267108701274,0.0874839868847671,,
9.22331999999995,1314,,0.016766978001320654,-1.0050610758795784,14.498026506623859,0.7941776660129776,3340,11.51400885282482,5.864103448325763,50.930162754626316,0.1713921121508403,0.08729028166701464,,
9.250385000000009,1314,,0.016763938261406652,-1.0051761700963653,14.498035572416706,0.7922728540079194,3339,11.486400020466922,5.861171005626221,51.027049338196086,0.1714974992422986,0.08751011355214014,,
9.278595000000088,1314,,0.016778281977261056,-1.0061666301066232,14.498052806251568,0.792000696869599,3339,11.482467925803487,5.86670613943814,51.09272829976241,0.1715045216501989,0.08762633926854331,,
9.302984999999985,1314,,0.016748839305313012,-1.0065857259522337,14.498020578604622,0.7927793250682305,3339,11.493730969131489,5.856950054195335,50.95777924440065,0.171861756825332,0.08757693464860133,,
9.329040000000036,1314,,0.016734375083301667,-1.0052820171536698,14.498032053124131,0.7910145999974316,3339,11.468155025251926,5.851859254412839,51.027033045224194,0.17178848182235326,0.08765856538738116,,
9.350834999999963,1314,,0.016737469430639695,-1.004886042109857,14.498037231185421,0.7903212098707091,3340,11.458106325301047,5.854111894690375,51.091443284687486,0.17165473776155177,0.08770088298892226,,
9.37335499999998,1314,,0.016785656131420246,-1.0047014332917623,14.498065968304305,0.7886159027115531,3341,11.433405381165947,5.873629223817843,51.372526627048245,0.17105292060616473,0.08787420718474566,,
9.397544999999926,1314,,0.01674904201414873,-1.0042839282268017,14.49810408450979,0.7866046710675221,3343,11.404276394498522,5.862978259281376,51.410348683847275,0.1712924530526737,0.08806204738349495,,
9.425070000000066,1314,,0.01680991552210076,-1.0041332961814537,14.498108681354704,0.7864454983079667,3344,11.401972306431059,5.887122412038443,51.6324917638848,0.1705643650500836,0.08806663173660682,,
9.45222000000009,1314,,0.016864527390861417,-1.003545258248447,14.498071411731742,0.7879225963443182,3345,11.423358068717008,5.907631499945948,51.715366570921574,0.1698726906472804,0.08785028467212867,,
9.474954999999959,1314,,0.016896398202626006,-1.002531060921312,14.498076977279283,0.7882832304276577,3345,11.428590954638564,5.9194527773297505,51.795123308068,0.16936211819457256,0.08772131795603474,,
9.502605000000099,1314,,0.016897810322867524,-1.0014949169222331,14.498047465601923,0.7893214195154499,3346,11.44361940575128,5.920240964126255,51.73399039425314,0.16916455309687548,0.0875155736496188,,
9.52922999999998,1314,,0.016907863172269444,-0.9997763252427514,14.49807008547268,0.7885085940600582,3346,11.431852859680252,5.925005984225582,51.828920971532725,0.16873844986899628,0.08745531783119145,,
9.554680000000051,1314,,0.016888367628427048,-0.9989936448691871,14.498082973550304,0.7882175111718248,3347,11.42764287817443,5.919317817578771,51.79823941544439,0.16876837427151595,0.08741904656271308,,
9.581609999999985,1314,,0.01689537491007642,-0.998831160358806,14.498083292855469,0.7867565798226035,3348,11.406462425470197,5.923218781580488,51.928622219928286,0.16862979356171756,0.08756712844890928,,
