Time,Mic 1,Mic 2,Mic 3,Mic 4,Mic 5,Mic 6,Mic 7,Mic 8
0.000,49.758,50.613,47.011,47.668,47.665,49.890,50.216,65.640
0.000,52.034,53.044,49.163,49.867,49.981,52.283,52.579,65.301
0.000,53.020,54.138,50.359,50.920,51.042,53.445,53.874,65.131
0.000,54.191,55.027,51.383,51.856,52.082,54.437,54.781,65.057
0.000,54.894,55.689,52.289,52.610,52.842,55.177,55.446,64.959
0.000,55.184,56.013,52.791,52.922,53.146,55.663,56.034,64.814
0.000,55.477,56.385,53.338,53.324,53.686,56.141,56.458,64.659
0.274,55.714,56.651,53.798,53.769,54.058,56.573,56.904,64.448
0.000,56.088,56.927,54.132,53.971,54.250,56.926,57.304,64.182
0.000,56.435,57.254,54.251,54.333,54.598,57.221,57.558,63.994
0.000,56.619,57.458,54.464,54.591,54.869,57.506,57.795,63.811
0.000,56.873,57.646,54.592,54.795,55.038,57.699,58.022,63.799
0.000,56.873,57.712,54.785,54.857,55.030,57.689,58.128,63.687
0.000,57.001,57.925,54.984,55.057,55.241,57.919,58.271,63.647
0.000,57.159,58.094,55.119,55.184,55.339,58.037,58.368,63.421
0.371,57.307,58.145,55.152,55.198,55.294,58.044,58.453,63.253
0.000,57.415,58.178,55.195,55.358,55.448,58.101,58.490,63.340
0.000,57.515,58.296,55.325,55.507,55.565,58.172,58.585,64.043
0.000,57.527,58.240,55.388,55.513,55.529,58.218,58.688,64.050
0.000,57.513,58.305,55.438,55.577,55.600,58.325,58.707,64.202
0.000,57.595,58.398,55.485,55.712,55.713,58.364,58.701,64.152
0.000,57.714,58.406,55.438,55.732,55.779,58.519,58.770,64.164
0.000,57.725,58.443,55.537,55.727,55.785,58.490,58.772,64.018
0.468,57.835,58.468,55.550,55.803,55.966,58.504,58.833,63.872
0.000,57.873,58.517,55.570,55.894,56.137,58.570,58.930,63.916
0.000,57.861,58.540,55.595,55.945,56.151,58.566,58.982,64.040
0.000,57.942,58.653,55.650,55.992,56.261,58.590,59.004,64.374
0.000,57.939,58.746,55.647,56.076,56.382,58.632,59.018,64.148
0.000,57.949,58.805,55.741,56.099,56.429,58.739,59.152,63.864
0.000,57.957,58.852,55.747,56.174,56.512,58.786,59.118,63.796
0.000,57.951,58.940,55.795,56.240,56.628,58.857,59.070,63.780
0.564,57.912,59.002,55.879,56.255,56.648,58.887,59.102,63.544
0.000,57.809,58.993,56.016,56.232,56.632,58.887,59.065,63.266
0.000,57.761,59.090,56.146,56.361,56.708,59.081,59.107,63.019
0.000,57.806,59.208,56.124,56.396,56.748,59.124,59.109,62.762
0.000,57.842,59.195,56.084,56.423,56.704,59.063,59.056,62.518
0.000,57.896,59.286,56.143,56.432,56.730,59.130,59.070,62.308
0.000,57.868,59.315,56.187,56.469,56.754,59.163,59.128,62.057
0.000,57.913,59.367,56.209,56.453,56.693,59.178,59.154,61.832
0.664,57.940,59.317,56.244,56.411,56.731,59.184,59.149,61.623
0.000,57.937,59.358,56.310,56.505,56.745,59.289,59.230,61.495
0.000,57.969,59.318,56.310,56.459,56.704,59.233,59.244,61.908
0.000,57.877,59.295,56.362,56.488,56.669,59.256,59.253,62.123
0.000,57.893,59.356,56.350,56.510,56.738,59.257,59.210,62.033
0.000,57.880,59.404,56.332,56.462,56.735,59.226,59.234,62.490
0.000,57.824,59.379,56.388,56.459,56.703,59.241,59.265,62.343
0.764,57.755,59.387,56.342,56.488,56.692,59.318,59.241,62.332
0.000,57.711,59.413,56.337,56.483,56.678,59.268,59.223,62.256
0.000,57.738,59.381,56.313,56.367,56.663,59.198,59.255,62.164
0.000,57.785,59.336,56.349,56.367,56.676,59.184,59.211,62.115
0.000,57.757,59.394,56.407,56.460,56.714,59.254,59.245,61.917
0.000,57.777,59.440,56.354,56.438,56.661,59.364,59.298,61.716
0.000,57.828,59.435,56.330,56.438,56.645,59.274,59.255,61.701
0.000,57.863,59.434,56.351,56.415,56.671,59.261,59.287,62.251
0.859,57.900,59.483,56.328,56.388,56.696,59.355,59.326,62.510
0.000,57.872,59.404,56.321,56.424,56.638,59.303,59.299,62.770
0.000,57.904,59.363,56.267,56.446,56.637,59.330,59.298,62.813
0.000,57.866,59.307,56.266,56.395,56.588,59.227,59.274,62.884
0.000,57.830,59.209,56.213,56.293,56.579,59.243,59.223,62.837
0.000,57.864,59.259,56.251,56.460,56.641,59.342,59.253,62.836
0.000,57.784,59.237,56.239,56.489,56.650,59.313,59.251,62.640
0.000,57.819,59.274,56.223,56.415,56.743,59.235,59.238,62.450
0.960,57.731,59.204,56.221,56.457,56.739,59.220,59.205,62.308
0.000,57.726,59.229,56.250,56.486,56.717,59.298,59.227,62.108
0.000,57.688,59.182,56.220,56.424,56.711,59.240,59.283,61.879
0.000,57.599,59.124,56.238,56.448,56.603,59.182,59.245,61.688
0.000,57.623,59.146,56.242,56.472,56.590,59.151,59.225,61.921
0.000,57.623,59.187,56.264,56.468,56.588,59.169,59.277,62.852
0.000,57.575,59.097,56.216,56.404,56.493,59.137,59.241,62.740
0.000,57.560,59.060,56.173,56.400,56.541,59.102,59.196,62.604
1.050,57.542,59.036,56.161,56.367,56.558,59.138,59.189,62.472
0.000,57.590,59.034,56.140,56.307,56.518,59.164,59.166,62.393
0.000,57.592,59.036,56.125,56.300,56.504,59.208,59.185,62.215
0.000,57.673,59.047,56.109,56.281,56.478,59.229,59.202,62.022
0.000,57.699,59.009,55.994,56.241,56.455,59.226,59.211,61.814
0.000,57.612,58.949,55.994,56.203,56.380,59.171,59.193,61.588
0.000,57.672,58.923,55.998,56.231,56.438,59.166,59.222,61.443
0.000,57.659,58.891,56.044,56.207,56.393,59.140,59.206,61.415
1.150,57.605,58.775,55.995,56.136,56.368,59.130,59.218,61.272
0.000,57.678,58.790,55.937,56.163,56.393,59.077,59.196,61.265
0.000,57.678,58.736,55.932,56.189,56.424,59.077,59.281,61.382
0.000,57.619,58.682,55.942,56.176,56.415,59.040,59.303,63.068
0.000,57.525,58.619,55.929,56.113,56.345,58.945,59.252,63.066
0.000,57.467,58.601,55.928,56.101,56.324,58.893,59.174,63.416
0.000,57.497,58.613,55.888,56.121,56.335,58.930,59.219,63.534
1.251,57.462,58.603,55.879,56.121,56.275,58.839,59.134,63.533
0.000,57.504,58.615,55.864,56.150,56.324,58.813,59.125,63.649
0.000,57.513,58.641,55.852,56.126,56.331,58.724,59.100,63.493
0.000,57.443,58.522,55.780,56.044,56.313,58.749,59.078,63.242
0.000,57.404,58.557,55.813,56.101,56.352,58.826,59.116,63.098
0.000,57.355,58.616,55.906,56.179,56.452,58.877,59.079,63.003
0.000,57.384,58.588,55.894,56.159,56.436,58.916,59.105,62.946
0.000,57.330,58.620,55.849,56.223,56.442,58.909,59.044,62.860
1.348,57.351,58.683,55.884,56.260,56.451,58.905,59.082,62.747
0.000,57.386,58.694,55.917,56.223,56.479,58.815,59.058,63.102
0.000,57.288,58.655,56.009,56.218,56.440,58.861,59.057,63.078
0.000,57.336,58.701,56.032,56.337,56.523,58.970,59.085,62.966
0.000,57.322,58.804,56.042,56.391,56.511,59.027,59.087,62.703
0.000,57.261,58.770,55.991,56.333,56.443,58.944,59.034,62.443
0.000,57.330,58.867,56.031,56.346,56.468,58.926,58.998,62.259
0.000,57.374,58.975,56.060,56.311,56.516,58.879,59.025,62.045
1.448,57.446,58.951,56.052,56.239,56.487,58.820,59.055,62.988
0.000,57.410,58.914,56.020,56.150,56.463,58.738,59.075,63.295
0.000,57.498,58.924,55.965,56.123,56.494,58.699,59.048,63.177
0.000,57.585,59.000,55.958,56.076,56.471,58.677,59.098,62.989
0.000,57.574,58.949,56.008,56.012,56.449,58.662,59.095,63.008
0.000,57.643,58.979,56.025,56.138,56.520,58.751,59.127,62.926
0.000,57.687,59.058,56.003,56.131,56.494,58.734,59.091,62.673
0.000,57.627,59.068,56.019,56.105,56.440,58.743,59.067,62.621
1.542,57.639,59.113,56.071,56.138,56.442,58.754,59.121,62.486
0.000,57.529,59.135,56.154,56.192,56.442,58.727,59.086,62.675
0.000,57.514,59.088,56.161,56.140,56.365,58.823,59.111,62.770
0.000,57.459,59.007,56.164,56.200,56.379,58.896,59.112,62.939
0.000,57.426,58.984,56.209,56.304,56.385,58.969,59.147,62.879
0.000,57.531,59.002,56.235,56.259,56.400,58.944,59.219,62.679
0.000,57.540,58.997,56.220,56.254,56.360,58.853,59.138,62.984
0.000,57.670,59.022,56.189,56.228,56.400,59.012,59.187,63.003
1.646,57.653,59.034,56.112,56.230,56.407,59.088,59.173,62.795
0.000,57.593,58.985,56.079,56.203,56.374,59.037,59.151,62.545
0.000,57.595,58.951,56.192,56.215,56.462,58.966,59.167,62.326
0.000,57.571,59.038,56.233,56.236,56.455,58.991,59.165,62.074
0.000,57.543,58.940,56.260,56.249,56.425,59.087,59.227,61.864
0.000,57.520,58.993,56.257,56.380,56.424,59.165,59.218,61.673
0.000,57.505,59.086,56.248,56.434,56.430,59.128,59.160,61.495
1.738,57.535,59.032,56.224,56.304,56.316,59.032,59.148,61.816
0.000,57.529,58.980,56.128,56.234,56.336,58.931,59.142,62.009
0.000,57.594,59.046,56.131,56.176,56.383,58.912,59.256,62.290
0.000,57.584,59.061,56.084,56.145,56.376,58.907,59.211,62.592
0.000,57.564,59.004,56.043,56.108,56.314,58.795,59.145,62.423
0.000,57.573,58.939,56.056,56.125,56.392,58.749,59.164,62.229
0.000,57.607,58.934,56.128,56.081,56.372,58.734,59.165,61.973
0.000,57.586,58.884,56.185,56.097,56.467,58.727,59.182,61.834
1.838,57.547,58.854,56.204,56.144,56.463,58.794,59.175,61.855
0.000,57.486,58.781,56.151,56.148,56.467,58.864,59.229,61.890
0.000,57.450,58.756,56.109,56.207,56.500,58.907,59.215,61.940
0.000,57.463,58.757,56.074,56.238,56.442,58.920,59.176,62.076
0.000,57.510,58.817,56.143,56.280,56.539,58.911,59.199,62.889
0.000,57.599,58.866,56.102,56.218,56.508,58.886,59.174,62.866
0.000,57.563,58.821,56.076,56.146,56.382,58.856,59.164,63.175
0.000,57.658,58.871,56.016,56.137,56.398,58.886,59.177,63.203
1.936,57.656,58.990,56.024,56.160,56.427,58.912,59.133,63.007
0.000,57.632,58.897,55.939,56.090,56.423,58.857,59.094,62.754
0.000,57.695,58.906,55.943,56.189,56.445,58.804,59.087,62.658
0.000,57.679,58.982,56.052,56.303,56.521,58.829,59.122,62.729
0.000,57.726,58.963,55.980,56.254,56.489,58.801,59.138,62.901
0.000,57.730,58.929,55.923,56.225,56.468,58.755,59.121,63.222
0.000,57.779,59.009,55.960,56.279,56.614,58.763,59.231,63.033
0.000,57.769,59.033,55.889,56.286,56.664,58.859,59.197,62.824
2.029,57.729,59.022,55.874,56.343,56.621,58.857,59.163,62.563
0.000,57.757,59.009,55.843,56.388,56.814,58.881,59.218,62.335
0.000,57.732,59.057,55.915,56.336,56.853,58.878,59.216,62.088
0.000,57.666,59.005,56.015,56.354,56.813,58.984,59.190,61.844
0.000,57.665,59.108,56.027,56.474,56.807,59.012,59.218,61.659
0.000,57.626,59.106,56.033,56.434,56.803,58.995,59.157,61.430
0.000,57.619,59.141,56.024,56.414,56.799,59.088,59.166,61.284
0.000,57.549,59.172,55.965,56.412,56.739,59.092,59.150,61.103
2.132,57.615,59.238,56.048,56.447,56.748,59.090,59.183,61.509
0.000,57.601,59.263,56.080,56.434,56.752,59.076,59.201,62.058
0.000,57.511,59.211,56.135,56.398,56.692,59.003,59.169,61.896
0.000,57.515,59.219,56.189,56.407,56.719,59.081,59.178,61.731
0.000,57.508,59.301,56.196,56.369,56.710,59.156,59.234,61.693
0.000,57.553,59.257,56.250,56.322,56.671,59.140,59.295,61.581
0.000,57.682,59.350,56.179,56.322,56.683,59.165,59.304,61.641
2.231,57.740,59.378,56.143,56.290,56.659,59.175,59.291,61.528
0.000,57.744,59.301,56.124,56.142,56.578,59.192,59.303,61.345
0.000,57.851,59.297,56.057,56.119,56.546,59.222,59.353,61.235
0.000,57.883,59.247,56.049,56.204,56.612,59.202,59.318,61.302
0.000,57.925,59.232,55.935,56.195,56.591,59.157,59.308,61.307
0.000,57.867,59.152,55.995,56.224,56.533,59.072,59.268,61.227
0.000,57.895,59.122,55.960,56.250,56.564,59.066,59.260,61.385
0.000,57.838,59.102,55.936,56.237,56.536,59.031,59.191,61.318
2.325,57.804,59.011,55.910,56.200,56.468,59.033,59.188,61.478
0.000,57.765,58.923,55.907,56.164,56.370,58.988,59.082,62.193
0.000,57.769,58.948,55.849,56.190,56.367,58.963,59.054,61.965
0.000,57.850,58.937,55.801,56.163,56.303,58.934,59.087,61.869
0.000,57.840,58.893,55.734,56.078,56.233,58.872,59.045,61.772
0.000,57.812,58.859,55.709,56.072,56.299,58.815,58.992,61.550
0.000,57.863,58.864,55.693,56.044,56.270,58.832,59.006,61.381
0.000,57.851,58.815,55.660,55.984,56.231,58.809,58.991,61.166
2.422,57.881,58.867,55.625,55.991,56.271,58.867,58.996,61.913
0.000,57.854,58.911,55.639,56.025,56.301,58.947,59.026,62.296
0.000,57.819,58.853,55.671,56.043,56.276,58.918,59.031,62.725
0.000,57.855,58.891,55.715,56.136,56.479,59.044,59.124,62.878
0.000,57.791,58.876,55.716,56.209,56.558,59.031,59.107,62.824
0.000,57.781,58.800,55.721,56.129,56.514,58.995,59.046,62.618
0.000,57.685,58.817,55.713,56.165,56.536,59.025,59.031,62.475
0.000,57.638,58.901,55.841,56.180,56.553,58.961,59.042,62.375
2.524,57.576,58.870,55.870,56.104,56.563,59.027,59.115,62.146
0.000,57.485,58.851,55.900,56.116,56.571,58.946,59.091,61.925
0.000,57.491,58.959,55.949,56.207,56.653,59.007,59.101,61.976
0.000,57.546,59.059,56.054,56.179,56.726,58.980,59.239,62.749
0.000,57.510,59.100,56.220,56.134,56.727,58.967,59.205,62.709
0.000,57.491,59.106,56.229,56.118,56.764,58.984,59.188,62.821
0.000,57.432,59.106,56.237,56.084,56.793,58.962,59.178,62.767
0.000,57.431,59.133,56.240,56.092,56.785,58.997,59.195,62.811
2.619,57.362,59.100,56.235,56.094,56.762,58.961,59.088,63.514
0.000,57.330,59.145,56.243,56.134,56.815,58.923,59.082,63.433
0.000,57.324,59.160,56.296,56.131,56.876,58.930,59.073,63.204
0.000,57.228,59.146,56.316,56.175,56.969,58.909,59.016,62.919
0.000,57.289,59.213,56.391,56.255,57.069,58.904,59.070,62.831
0.000,57.294,59.194,56.409,56.251,57.102,58.918,59.061,62.647
0.000,57.323,59.210,56.420,56.204,57.051,58.860,59.032,62.487
2.724,57.369,59.230,56.403,56.217,57.020,58.886,59.026,62.465
0.000,57.381,59.297,56.414,56.214,57.082,58.881,59.022,62.402
0.000,57.391,59.304,56.481,56.196,57.057,58.905,59.061,62.810
0.000,57.412,59.422,56.537,56.216,57.052,58.912,58.996,63.007
0.000,57.397,59.425,56.534,56.235,57.053,58.912,58.972,63.595
0.000,57.362,59.409,56.505,56.191,57.083,58.922,58.968,63.607
0.000,57.294,59.429,56.510,56.176,57.075,58.871,58.893,63.384
0.000,57.346,59.443,56.509,56.202,57.248,58.907,58.868,63.251
2.815,57.260,59.455,56.536,56.172,57.246,58.866,58.914,63.006
0.000,57.202,59.420,56.581,56.138,57.206,58.826,58.897,62.751
0.000,57.212,59.495,56.651,56.284,57.241,58.840,58.868,62.524
0.000,57.176,59.492,56.633,56.236,57.301,58.823,58.875,62.303
0.000,57.130,59.467,56.687,56.242,57.351,58.858,58.849,62.069
0.000,57.107,59.512,56.722,56.297,57.352,58.842,58.832,62.215
0.000,57.112,59.586,56.788,56.352,57.409,58.860,58.864,62.086
0.000,57.140,59.552,56.834,56.361,57.452,58.879,58.857,62.101
2.914,57.051,59.481,56.786,56.345,57.445,58.816,58.823,62.506
0.000,57.094,59.562,56.805,56.382,57.476,58.840,58.829,62.674
0.000,57.176,59.688,56.917,56.399,57.483,58.875,58.896,62.831
0.000,57.174,59.676,56.956,56.402,57.506,58.885,58.883,62.635
0.000,57.150,59.678,56.925,56.474,57.544,58.915,58.882,64.081
0.000,57.057,59.734,56.966,56.468,57.543,58.887,58.843,64.227
0.000,57.026,59.680,57.009,56.450,57.511,58.874,58.871,64.282
0.000,56.993,59.692,56.995,56.432,57.510,58.893,58.821,64.413
3.012,56.947,59.661,56.970,56.449,57.571,58.858,58.803,64.298
0.000,57.007,59.677,56.929,56.393,57.553,58.856,58.792,64.075
0.000,56.990,59.665,57.008,56.448,57.531,58.833,58.779,63.896
0.000,56.991,59.675,57.011,56.490,57.589,58.866,58.797,63.763
0.000,56.992,59.815,57.065,56.482,57.619,58.873,58.809,63.707
0.000,56.977,59.752,57.065,56.530,57.682,58.897,58.821,63.867
0.000,57.050,59.801,57.071,56.598,57.738,58.921,58.825,63.718
0.000,57.052,59.906,57.078,56.581,57.777,58.948,58.819,63.575
3.109,57.043,59.827,57.137,56.528,57.725,58.907,58.841,63.693
0.000,57.039,59.847,57.161,56.528,57.758,58.916,58.824,63.483
0.000,57.102,59.812,57.160,56.611,57.783,58.896,58.820,63.351
0.000,57.136,59.782,57.121,56.608,57.802,58.920,58.860,63.104
0.000,57.120,59.803,57.160,56.619,57.761,58.900,58.842,62.899
0.000,57.135,59.786,57.186,56.693,57.787,58.930,58.838,62.697
0.000,57.139,59.813,57.251,56.645,57.783,58.908,58.836,62.538
3.207,57.146,59.794,57.282,56.661,57.769,58.935,58.877,62.964
0.000,57.224,59.839,57.245,56.691,57.735,58.963,58.837,63.054
0.000,57.219,59.845,57.252,56.700,57.759,58.964,58.903,63.354
0.000,57.198,59.772,57.244,56.602,57.729,58.942,58.929,63.363
0.000,57.193,59.809,57.296,56.709,57.742,58.979,58.959,63.213
0.000,57.167,59.817,57.277,56.719,57.795,59.005,58.985,63.006
0.000,57.206,59.837,57.280,56.666,57.757,58.971,58.992,62.749
0.000,57.135,59.865,57.279,56.658,57.713,58.957,58.970,62.574
3.305,57.096,59.813,57.194,56.643,57.704,59.007,58.968,62.363
0.000,57.106,59.837,57.143,56.594,57.720,58.965,58.995,62.163
0.000,57.144,59.791,57.070,56.487,57.653,58.935,58.970,62.204
0.000,57.158,59.858,57.021,56.475,57.610,58.949,58.918,62.144
0.000,57.160,59.895,57.054,56.431,57.560,58.927,58.944,61.989
0.000,57.171,59.893,57.038,56.394,57.528,58.958,58.959,62.311
0.000,57.188,59.877,57.048,56.378,57.453,58.976,58.991,62.226
0.000,57.215,59.857,57.003,56.412,57.476,58.988,58.963,62.239
3.397,57.218,59.872,56.930,56.361,57.460,59.004,58.938,62.301
0.000,57.259,59.879,56.865,56.338,57.386,58.982,58.916,62.129
0.000,57.360,59.899,56.777,56.353,57.404,59.039,58.934,61.962
0.000,57.300,59.899,56.735,56.300,57.373,59.025,59.009,61.776
0.000,57.334,59.823,56.695,56.259,57.317,58.992,59.004,61.642
0.000,57.336,59.814,56.619,56.234,57.287,58.974,58.944,61.516
0.000,57.391,59.868,56.625,56.253,57.343,58.978,58.973,61.352
0.000,57.434,59.828,56.576,56.149,57.297,58.901,58.944,61.115
3.510,57.390,59.831,56.568,56.141,57.260,58.992,58.937,60.908
0.000,57.356,59.762,56.511,56.169,57.187,58.991,58.923,60.773
0.000,57.376,59.714,56.404,56.168,57.184,59.025,58.921,61.284
0.000,57.295,59.591,56.339,56.055,57.091,58.971,58.892,61.910
0.000,57.358,59.619,56.334,56.098,57.065,59.001,58.873,62.128
0.000,57.440,59.669,56.299,56.126,57.033,59.022,58.898,62.108
0.000,57.440,59.570,56.230,56.059,56.985,58.932,58.835,61.915
0.000,57.376,59.495,56.213,56.083,56.974,58.983,58.834,61.813
3.596,57.426,59.554,56.201,56.174,57.002,59.003,58.856,61.705
0.000,57.474,59.448,56.153,56.126,56.973,58.959,58.864,61.502
0.000,57.392,59.434,56.160,56.156,56.902,58.941,58.847,61.416
0.000,57.437,59.428,56.132,56.175,56.912,58.921,58.811,61.266
0.000,57.453,59.459,56.105,56.164,56.892,58.922,58.781,61.121
0.000,57.448,59.446,56.057,56.188,56.798,58.898,58.751,60.960
0.000,57.485,59.440,55.981,56.186,56.731,58.925,58.680,60.915
3.691,57.452,59.497,55.981,56.194,56.740,58.916,58.683,61.082
0.000,57.487,59.417,56.028,56.103,56.673,58.916,58.709,61.034
0.000,57.473,59.352,56.067,56.143,56.664,58.986,58.773,60.923
0.000,57.546,59.388,56.064,56.205,56.676,59.060,58.785,60.788
0.000,57.621,59.397,56.055,56.238,56.673,59.158,58.873,60.689
0.000,57.621,59.403,56.027,56.257,56.656,59.145,58.876,60.628
0.000,57.653,59.382,56.023,56.361,56.691,59.127,58.901,60.503
0.000,57.657,59.322,55.992,56.288,56.644,59.069,58.947,60.372
3.786,57.636,59.297,55.994,56.240,56.625,58.968,58.897,60.291
0.000,57.662,59.237,55.991,56.241,56.628,59.071,58.949,60.290
0.000,57.624,59.233,56.006,56.267,56.675,59.095,58.961,60.252
0.000,57.627,59.226,56.000,56.308,56.640,59.103,58.951,60.138
0.000,57.763,59.204,55.938,56.365,56.666,59.054,58.965,60.068
0.000,57.713,59.219,55.941,56.388,56.737,58.992,59.020,60.010
0.000,57.717,59.192,55.921,56.342,56.723,59.063,59.056,59.906
0.000,57.704,59.279,55.991,56.432,56.665,59.075,59.048,59.874
3.890,57.708,59.264,55.985,56.467,56.677,59.023,59.037,60.104
0.000,57.676,59.179,55.969,56.424,56.689,59.079,59.054,60.026
0.000,57.605,59.176,56.002,56.447,56.582,58.996,59.045,60.215
0.000,57.611,59.125,56.021,56.399,56.614,58.965,58.981,61.234
0.000,57.592,59.114,56.002,56.346,56.646,59.010,59.018,61.481
0.000,57.582,59.140,56.001,56.287,56.610,59.019,59.048,61.535
0.000,57.615,59.145,55.994,56.287,56.543,58.950,59.028,61.622
0.000,57.597,59.191,56.036,56.349,56.570,59.052,59.046,61.541
3.983,57.597,59.161,56.053,56.347,56.541,59.096,59.067,61.437
0.000,57.625,59.166,55.995,56.430,56.472,59.059,59.013,61.721
0.000,57.634,59.141,55.961,56.410,56.500,59.044,59.026,61.719
0.000,57.709,59.132,55.885,56.347,56.468,59.007,59.051,61.646
0.000,57.666,59.063,55.914,56.273,56.401,58.932,59.079,61.528
0.000,57.691,59.036,55.842,56.291,56.450,58.936,59.088,61.418
0.000,57.740,59.079,55.781,56.270,56.432,58.975,59.108,61.216
0.000,57.719,59.013,55.781,56.211,56.352,58.937,59.076,61.005
4.085,57.740,58.975,55.753,56.224,56.353,58.975,59.047,61.080
0.000,57.733,58.952,55.769,56.187,56.273,58.944,59.009,61.689
0.000,57.700,58.861,55.747,56.108,56.253,58.916,58.997,62.315
0.000,57.769,58.940,55.759,56.131,56.273,58.863,58.979,63.036
0.000,57.778,58.933,55.716,56.133,56.289,58.846,58.952,63.434
0.000,57.813,58.890,55.745,56.077,56.284,58.870,58.930,63.220
0.000,57.722,58.841,55.820,56.079,56.248,58.797,58.877,63.019
4.180,57.715,58.876,55.819,56.115,56.308,58.885,58.926,62.841
0.000,57.776,58.913,55.775,56.059,56.248,58.894,58.963,62.611
0.000,57.715,58.837,55.720,56.011,56.218,58.869,58.962,62.456
0.000,57.772,58.808,55.644,56.096,56.273,58.857,58.951,62.366
0.000,57.733,58.813,55.643,56.128,56.281,58.802,58.927,62.907
0.000,57.732,58.833,55.615,56.071,56.270,58.825,58.973,63.369
0.000,57.744,58.854,55.534,56.114,56.294,58.829,58.940,63.493
0.000,57.700,58.886,55.562,56.126,56.296,58.799,58.961,63.212
4.276,57.782,58.897,55.610,56.120,56.294,58.820,58.997,63.004
0.000,57.790,58.926,55.617,56.132,56.337,58.749,58.998,62.908
0.000,57.792,58.940,55.670,56.142,56.343,58.702,58.970,62.708
0.000,57.820,59.040,55.711,56.091,56.344,58.797,59.026,62.457
0.000,57.784,59.010,55.742,56.067,56.336,58.708,59.011,62.352
0.000,57.803,59.011,55.740,56.067,56.314,58.736,59.008,62.313
0.000,57.832,59.056,55.746,56.124,56.345,58.811,59.023,62.176
0.000,57.775,59.055,55.807,56.095,56.351,58.838,59.007,61.984
4.379,57.800,59.082,55.846,56.069,56.358,58.873,59.026,62.010
0.000,57.782,59.088,55.870,56.109,56.392,58.911,59.026,62.928
0.000,57.815,59.076,55.846,56.104,56.398,58.998,59.093,63.695
0.000,57.776,59.076,55.880,56.161,56.397,59.009,59.107,63.726
0.000,57.790,59.075,55.840,56.145,56.463,59.057,59.081,63.533
0.000,57.840,59.111,55.848,56.152,56.496,59.069,59.109,63.311
0.000,57.770,59.149,55.898,56.166,56.498,58.960,59.086,63.061
0.000,57.848,59.181,55.914,56.203,56.567,58.993,59.109,62.876
4.476,57.792,59.209,56.023,56.172,56.519,59.010,59.094,62.880
0.000,57.767,59.184,56.018,56.142,56.489,59.055,59.131,63.374
0.000,57.679,59.161,55.967,56.130,56.462,58.996,59.053,63.490
0.000,57.614,59.155,55.959,56.114,56.470,58.959,59.009,63.810
0.000,57.599,59.150,55.953,56.068,56.435,58.978,59.013,63.739
0.000,57.618,59.131,55.958,56.034,56.475,58.993,59.044,63.607
0.000,57.617,59.174,56.015,56.067,56.494,59.031,59.062,63.373
0.000,57.639,59.155,55.976,55.979,56.441,59.007,59.055,63.094
4.573,57.591,59.110,55.948,55.900,56.332,58.886,59.043,62.814
0.000,57.607,59.069,55.885,55.853,56.292,58.809,58.972,62.552
0.000,57.603,59.113,55.834,55.848,56.317,58.814,58.980,62.293
0.000,57.617,59.097,55.788,55.799,56.288,58.775,58.928,62.361
0.000,57.730,59.160,55.740,55.856,56.334,58.772,58.921,62.261
0.000,57.729,59.220,55.769,55.895,56.370,58.775,58.879,62.167
0.000,57.704,59.223,55.769,55.892,56.340,58.767,58.853,61.906
4.671,57.780,59.289,55.736,55.912,56.324,58.750,58.834,61.697
0.000,57.786,59.291,55.705,55.988,56.399,58.728,58.800,62.020
0.000,57.745,59.240,55.697,55.884,56.372,58.637,58.875,62.347
0.000,57.743,59.272,55.728,55.840,56.377,58.609,58.867,62.155
0.000,57.695,59.237,55.742,55.862,56.383,58.647,58.856,61.988
0.000,57.708,59.271,55.720,55.857,56.368,58.721,58.865,61.794
0.000,57.676,59.197,55.673,55.809,56.333,58.713,58.884,61.664
0.000,57.653,59.178,55.654,55.812,56.364,58.759,58.850,61.795
4.769,57.600,59.176,55.771,56.004,56.422,58.808,58.877,62.218
0.000,57.624,59.180,55.797,56.071,56.385,58.830,58.946,62.264
0.000,57.707,59.239,55.771,56.108,56.360,58.778,58.924,62.013
0.000,57.691,59.300,55.793,56.164,56.411,58.782,58.882,61.801
0.000,57.703,59.293,55.761,56.085,56.397,58.736,58.887,62.549
0.000,57.674,59.218,55.887,56.099,56.376,58.733,58.907,62.468
0.000,57.699,59.240,55.886,56.205,56.513,58.879,58.963,62.464
0.000,57.670,59.230,55.845,56.219,56.520,58.949,58.982,62.299
4.862,57.625,59.183,55.840,56.169,56.533,58.974,58.948,62.213
0.000,57.688,59.208,55.773,56.164,56.514,58.942,58.891,62.063
0.000,57.647,59.210,55.781,56.212,56.525,58.899,58.876,62.131
0.000,57.670,59.162,55.782,56.166,56.445,58.857,58.872,62.023
0.000,57.663,59.130,55.771,56.097,56.402,58.888,58.860,61.894
0.000,57.618,59.169,55.859,56.181,56.444,58.962,58.902,62.077
0.000,57.604,59.118,55.855,56.177,56.389,58.974,58.926,62.215
0.000,57.551,59.131,55.912,56.225,56.435,58.899,58.918,62.147
4.967,57.601,59.196,55.950,56.240,56.472,58.937,58.931,62.526
0.000,57.640,59.221,56.015,56.248,56.534,59.096,58.976,62.531
0.000,57.570,59.176,56.041,56.269,56.491,59.104,58.958,62.632
0.000,57.546,59.210,56.061,56.370,56.451,59.090,58.963,62.555
0.000,57.568,59.212,56.114,56.371,56.456,59.085,58.979,62.314
0.000,57.582,59.200,56.164,56.353,56.393,59.063,59.049,62.288
0.000,57.606,59.142,56.119,56.295,56.377,58.958,59.015,62.251
0.000,57.677,59.197,56.155,56.333,56.476,58.982,59.057,62.202
5.063,57.793,59.197,56.145,56.330,56.446,58.996,59.064,62.201
0.000,57.754,59.086,56.121,56.288,56.412,58.966,59.109,62.051
0.000,57.755,59.077,56.148,56.312,56.437,59.005,59.146,61.918
0.000,57.767,59.044,56.119,56.353,56.528,59.017,59.170,61.667
0.000,57.780,59.017,56.102,56.306,56.522,58.932,59.162,61.482
0.000,57.924,58.977,56.037,56.275,56.515,58.914,59.135,61.348
0.000,57.951,58.980,55.957,56.277,56.555,58.918,59.122,61.217
5.160,57.913,58.913,55.934,56.245,56.498,58.894,59.121,61.068
0.000,57.867,58.906,55.876,56.246,56.492,58.810,59.024,60.916
0.000,57.865,58.978,55.937,56.237,56.493,58.821,59.054,60.792
0.000,57.872,58.947,55.897,56.142,56.444,58.754,59.026,60.762
0.000,57.746,58.845,55.943,56.098,56.392,58.687,59.048,60.787
0.000,57.762,58.790,55.915,56.069,56.338,58.611,58.982,60.754
0.000,57.747,58.735,55.837,56.036,56.379,58.599,59.018,60.764
0.000,57.685,58.681,55.806,56.014,56.283,58.581,58.979,60.717
5.256,57.682,58.676,55.832,56.071,56.316,58.674,59.000,60.905
0.000,57.642,58.616,55.897,56.033,56.256,58.630,59.107,60.875
0.000,57.659,58.620,55.854,56.022,56.220,58.682,59.081,60.903
0.000,57.609,58.562,55.830,56.074,56.274,58.719,59.085,60.824
0.000,57.639,58.596,55.868,56.109,56.311,58.719,59.103,60.726
0.000,57.679,58.559,55.826,56.035,56.286,58.723,59.067,60.637
0.000,57.671,58.454,55.878,56.008,56.278,58.637,59.048,60.572
0.000,57.654,58.472,55.845,56.052,56.344,58.641,58.973,61.721
5.344,57.632,58.430,55.809,55.989,56.347,58.651,58.985,61.695
0.000,57.512,58.377,55.779,55.926,56.249,58.542,58.954,61.706
0.000,57.547,58.452,55.768,56.016,56.259,58.659,58.953,61.617
0.000,57.508,58.509,55.870,56.065,56.294,58.653,59.019,61.418
0.000,57.464,58.572,55.961,56.100,56.243,58.653,59.019,61.886
0.000,57.510,58.631,55.967,56.184,56.249,58.669,59.029,61.982
0.000,57.473,58.682,55.986,56.215,56.273,58.680,59.008,62.425
0.000,57.449,58.670,56.050,56.202,56.251,58.623,59.027,62.274
5.449,57.437,58.630,56.112,56.213,56.258,58.653,59.097,62.283
0.000,57.399,58.653,56.159,56.290,56.264,58.825,59.128,62.210
0.000,57.426,58.678,56.135,56.286,56.277,58.901,59.193,61.987
0.000,57.406,58.675,56.206,56.365,56.268,58.953,59.188,62.101
0.000,57.407,58.710,56.202,56.489,56.304,59.017,59.188,62.420
0.000,57.383,58.683,56.256,56.460,56.318,59.010,59.216,62.296
0.000,57.400,58.650,56.343,56.468,56.265,58.950,59.211,62.169
0.000,57.408,58.676,56.339,56.510,56.290,58.886,59.184,61.994
5.550,57.461,58.786,56.329,56.533,56.404,58.862,59.193,61.851
0.000,57.527,58.711,56.335,56.486,56.370,58.938,59.217,61.652
0.000,57.476,58.692,56.321,56.516,56.309,58.949,59.204,61.514
0.000,57.457,58.699,56.384,56.546,56.337,59.030,59.252,61.362
0.000,57.468,58.695,56.409,56.479,56.252,59.047,59.320,61.279
0.000,57.434,58.649,56.432,56.489,56.232,59.086,59.324,61.136
0.000,57.437,58.578,56.392,56.486,56.245,59.070,59.307,61.090
5.646,57.432,58.541,56.334,56.475,56.352,59.018,59.285,61.059
0.000,57.435,58.430,56.313,56.407,56.283,58.988,59.257,60.967
0.000,57.460,58.411,56.241,56.361,56.340,58.958,59.236,60.810
0.000,57.506,58.364,56.221,56.347,56.390,58.971,59.226,60.674
0.000,57.558,58.419,56.109,56.346,56.321,58.939,59.204,60.587
0.000,57.562,58.408,56.021,56.251,56.385,58.902,59.183,60.643
0.000,57.563,58.432,56.015,56.265,56.482,58.982,59.155,60.626
0.000,57.539,58.476,55.992,56.269,56.483,58.964,59.208,61.250
5.747,57.553,58.366,55.986,56.238,56.435,58.933,59.159,63.209
0.000,57.563,58.410,55.948,56.298,56.450,58.988,59.169,63.254
0.000,57.586,58.457,55.902,56.332,56.506,59.051,59.213,62.994
0.000,57.532,58.396,55.923,56.287,56.496,59.030,59.180,62.759
0.000,57.525,58.477,56.029,56.407,56.518,59.044,59.190,62.567
0.000,57.487,58.462,56.124,56.436,56.520,59.010,59.182,62.334
0.000,57.602,58.525,56.152,56.463,56.482,59.020,59.183,62.146
0.000,57.556,58.576,56.118,56.421,56.455,58.986,59.136,62.213
5.843,57.587,58.567,56.092,56.418,56.468,58.914,59.096,62.246
0.000,57.602,58.546,56.114,56.360,56.447,59.001,59.137,62.107
0.000,57.513,58.511,56.227,56.405,56.435,59.029,59.138,61.905
0.000,57.560,58.663,56.280,56.582,56.486,59.148,59.166,61.792
0.000,57.569,58.707,56.261,56.557,56.470,59.139,59.185,61.759
0.000,57.557,58.711,56.310,56.561,56.478,59.071,59.134,61.898
0.000,57.594,58.762,56.350,56.634,56.474,59.171,59.115,61.820
0.000,57.662,58.903,56.483,56.731,56.524,59.285,59.230,61.664
5.945,57.649,58.925,56.573,56.747,56.485,59.324,59.295,61.471
0.000,57.629,58.962,56.605,56.782,56.462,59.273,59.237,61.322
0.000,57.672,59.020,56.627,56.764,56.485,59.246,59.263,61.144
0.000,57.686,59.002,56.614,56.748,56.526,59.280,59.281,61.016
0.000,57.627,58.983,56.616,56.755,56.468,59.277,59.263,61.110
0.000,57.656,58.996,56.602,56.814,56.498,59.266,59.270,61.466
0.000,57.600,59.008,56.613,56.779,56.538,59.219,59.213,61.324
0.000,57.511,58.964,56.659,56.766,56.506,59.253,59.182,61.639
6.035,57.574,59.079,56.712,56.789,56.531,59.251,59.165,62.542
0.000,57.584,59.097,56.664,56.783,56.571,59.246,59.094,62.444
0.000,57.574,59.142,56.682,56.706,56.562,59.287,59.154,62.413
0.000,57.572,59.190,56.683,56.718,56.633,59.266,59.118,62.353
0.000,57.524,59.236,56.682,56.810,56.715,59.295,59.130,62.118
0.000,57.536,59.205,56.641,56.729,56.659,59.236,59.152,62.052
0.000,57.511,59.236,56.732,56.771,56.681,59.308,59.187,61.936
6.133,57.533,59.240,56.695,56.786,56.736,59.332,59.218,62.015
0.000,57.557,59.292,56.629,56.735,56.783,59.271,59.227,61.889
0.000,57.567,59.272,56.613,56.724,56.741,59.346,59.273,61.753
0.000,57.675,59.246,56.513,56.678,56.759,59.274,59.245,61.597
0.000,57.696,59.345,56.564,56.670,56.768,59.317,59.235,61.436
0.000,57.688,59.316,56.545,56.659,56.766,59.282,59.219,61.345
0.000,57.713,59.327,56.548,56.643,56.747,59.274,59.238,61.276
0.000,57.738,59.342,56.614,56.714,56.731,59.367,59.270,61.201
6.234,57.771,59.305,56.573,56.672,56.659,59.312,59.317,61.120
0.000,57.693,59.268,56.587,56.701,56.639,59.299,59.301,61.050
0.000,57.736,59.330,56.578,56.753,56.658,59.326,59.271,61.047
0.000,57.818,59.389,56.578,56.677,56.587,59.250,59.301,61.129
0.000,57.801,59.341,56.616,56.653,56.655,59.186,59.313,61.277
0.000,57.754,59.315,56.590,56.692,56.739,59.253,59.317,61.367
0.000,57.768,59.343,56.649,56.630,56.776,59.207,59.338,61.487
0.000,57.687,59.254,56.695,56.584,56.726,59.230,59.335,61.344
6.328,57.708,59.258,56.670,56.654,56.693,59.286,59.393,61.228
0.000,57.680,59.271,56.715,56.692,56.696,59.262,59.384,61.344
0.000,57.703,59.278,56.783,56.682,56.704,59.281,59.442,61.196
0.000,57.611,59.213,56.840,56.704,56.752,59.312,59.499,61.054
0.000,57.679,59.315,56.929,56.799,56.772,59.274,59.529,60.964
0.000,57.635,59.327,56.982,56.846,56.786,59.372,59.584,60.794
0.000,57.664,59.297,56.974,56.827,56.645,59.349,59.588,60.644
0.000,57.692,59.333,56.905,56.801,56.637,59.337,59.562,60.560
6.428,57.682,59.321,56.850,56.796,56.678,59.442,59.554,60.705
0.000,57.586,59.243,56.794,56.770,56.604,59.475,59.526,61.324
0.000,57.534,59.178,56.693,56.734,56.548,59.398,59.463,61.191
0.000,57.552,59.189,56.653,56.706,56.553,59.358,59.445,61.232
0.000,57.525,59.152,56.633,56.696,56.528,59.341,59.395,61.406
0.000,57.534,59.129,56.618,56.661,56.467,59.374,59.335,61.411
0.000,57.515,59.179,56.614,56.667,56.492,59.336,59.336,61.318
0.000,57.468,59.143,56.575,56.639,56.489,59.343,59.305,61.352
6.527,57.394,59.110,56.584,56.688,56.436,59.327,59.277,61.548
0.000,57.400,59.168,56.517,56.694,56.485,59.285,59.277,61.522
0.000,57.430,59.177,56.489,56.630,56.460,59.299,59.208,61.396
0.000,57.428,59.141,56.481,56.669,56.421,59.400,59.247,61.322
0.000,57.557,59.216,56.469,56.661,56.426,59.402,59.216,61.289
0.000,57.534,59.206,56.484,56.669,56.439,59.369,59.161,61.166
0.000,57.514,59.183,56.515,56.583,56.390,59.250,59.204,61.070
6.621,57.528,59.101,56.511,56.594,56.371,59.270,59.160,60.981
0.000,57.558,59.148,56.551,56.695,56.396,59.355,59.161,60.959
0.000,57.617,59.121,56.483,56.584,56.344,59.255,59.179,60.816
0.000,57.638,59.070,56.500,56.618,56.329,59.258,59.176,60.730
0.000,57.671,59.080,56.452,56.662,56.388,59.353,59.176,60.621
0.000,57.732,59.150,56.398,56.668,56.417,59.295,59.144,60.722
0.000,57.786,59.108,56.412,56.595,56.376,59.269,59.144,61.214
0.000,57.808,59.144,56.361,56.615,56.491,59.378,59.176,61.153
6.721,57.918,59.149,56.348,56.612,56.520,59.358,59.177,61.654
0.000,57.972,59.166,56.345,56.626,56.596,59.360,59.191,61.984
0.000,57.927,59.098,56.288,56.608,56.604,59.399,59.187,61.929
0.000,57.959,59.132,56.329,56.594,56.621,59.348,59.209,61.842
0.000,57.932,59.128,56.343,56.484,56.590,59.243,59.190,61.723
0.000,57.925,59.116,56.356,56.476,56.623,59.257,59.228,61.573
0.000,57.925,59.214,56.343,56.508,56.729,59.287,59.257,61.445
0.000,57.919,59.236,56.300,56.417,56.737,59.259,59.215,61.226
6.819,57.829,59.119,56.352,56.377,56.730,59.291,59.235,61.119
0.000,57.810,59.098,56.333,56.420,56.723,59.258,59.218,60.961
0.000,57.809,59.165,56.464,56.402,56.718,59.265,59.292,60.923
0.000,57.752,59.146,56.461,56.383,56.698,59.319,59.360,61.555
0.000,57.721,59.119,56.448,56.413,56.701,59.358,59.372,61.513
0.000,57.717,59.083,56.485,56.462,56.696,59.390,59.391,61.827
0.000,57.674,59.031,56.490,56.419,56.702,59.316,59.396,61.798
0.000,57.577,58.989,56.591,56.473,56.696,59.292,59.369,61.687
6.917,57.647,59.076,56.578,56.573,56.710,59.357,59.328,61.784
0.000,57.685,59.122,56.602,56.595,56.792,59.360,59.356,61.581
0.000,57.719,59.092,56.609,56.547,56.719,59.281,59.335,61.435
0.000,57.722,59.070,56.565,56.509,56.663,59.327,59.320,61.333
0.000,57.709,59.048,56.531,56.506,56.645,59.309,59.321,61.815
0.000,57.686,58.983,56.469,56.438,56.627,59.297,59.324,62.227
0.000,57.675,58.992,56.404,56.445,56.569,59.219,59.214,62.249
0.000,57.711,59.043,56.322,56.430,56.744,59.143,59.160,62.195
7.011,57.742,59.068,56.264,56.363,56.762,59.155,59.182,62.073
0.000,57.744,59.045,56.181,56.374,56.790,59.145,59.158,62.162
0.000,57.817,59.117,56.150,56.414,56.784,59.121,59.127,62.201
0.000,57.894,59.241,56.113,56.360,56.742,59.133,59.105,62.083
0.000,57.927,59.267,56.089,56.280,56.671,59.016,59.036,61.960
0.000,58.093,59.380,56.069,56.290,56.654,59.144,59.092,61.866
0.000,58.171,59.559,56.177,56.335,56.684,59.203,59.110,61.681
7.104,58.155,59.555,56.183,56.289,56.608,59.142,59.155,61.512
0.000,58.186,59.579,56.176,56.387,56.652,59.152,59.088,61.332
0.000,58.196,59.591,56.188,56.416,56.644,59.249,59.133,61.170
0.000,58.187,59.508,56.253,56.358,56.689,59.186,59.137,60.975
0.000,58.104,59.577,56.335,56.470,56.675,59.229,59.167,60.896
0.000,58.178,59.667,56.424,56.583,56.734,59.269,59.289,62.082
0.000,58.151,59.690,56.537,56.549,56.724,59.325,59.304,62.997
0.000,58.123,59.654,56.621,56.559,56.682,59.305,59.332,62.848
7.199,58.169,59.694,56.685,56.614,56.708,59.367,59.328,62.708
0.000,58.177,59.735,56.702,56.664,56.713,59.314,59.361,63.694
0.000,58.132,59.650,56.737,56.606,56.651,59.302,59.345,63.749
0.000,58.177,59.653,56.711,56.646,56.715,59.287,59.374,64.018
0.000,58.138,59.689,56.764,56.737,56.868,59.288,59.339,63.784
0.000,58.087,59.644,56.811,56.682,56.888,59.271,59.347,63.501
0.000,58.022,59.606,56.862,56.681,56.845,59.206,59.322,63.236
0.000,58.070,59.637,56.907,56.699,56.874,59.241,59.279,62.959
7.306,58.055,59.716,56.939,56.699,57.013,59.237,59.326,63.247
0.000,57.982,59.670,57.003,56.714,57.081,59.211,59.319,63.267
0.000,57.951,59.700,56.998,56.795,57.064,59.226,59.304,63.182
0.000,57.952,59.797,57.007,56.770,57.084,59.224,59.305,62.951
0.000,57.930,59.755,56.956,56.693,57.120,59.199,59.264,62.710
0.000,57.917,59.771,56.886,56.708,57.093,59.191,59.209,62.468
0.000,57.964,59.871,56.921,56.716,57.204,59.251,59.221,62.298
0.000,57.931,59.903,56.851,56.606,57.183,59.179,59.170,62.284
7.406,57.996,60.012,56.859,56.606,57.135,59.158,59.148,62.866
0.000,58.064,60.047,56.880,56.621,57.212,59.187,59.157,63.257
0.000,58.033,60.097,56.847,56.583,57.202,59.168,59.135,63.106
0.000,58.000,60.072,56.818,56.583,57.147,59.162,59.105,62.921
0.000,58.071,60.076,56.812,56.639,57.141,59.158,59.050,62.691
0.000,58.050,60.066,56.802,56.611,57.153,59.134,59.092,62.441
0.000,57.981,60.009,56.818,56.568,57.101,59.128,59.053,62.198
0.000,57.882,59.998,56.861,56.532,57.106,59.133,59.044,62.000
7.497,57.856,60.132,57.034,56.613,57.200,59.187,59.087,62.281
0.000,57.822,60.068,57.091,56.553,57.194,59.161,59.143,62.509
0.000,57.789,60.117,57.218,56.569,57.218,59.147,59.162,63.348
0.000,57.754,60.112,57.312,56.605,57.274,59.232,59.170,63.646
0.000,57.707,60.142,57.351,56.653,57.338,59.224,59.190,63.503
0.000,57.595,60.058,57.451,56.673,57.323,59.201,59.221,63.264
0.000,57.673,60.057,57.485,56.791,57.378,59.244,59.278,63.048
7.600,57.598,60.100,57.630,56.866,57.418,59.312,59.355,62.877
0.000,57.561,60.034,57.645,56.810,57.413,59.272,59.398,62.654
0.000,57.512,60.031,57.671,56.879,57.397,59.246,59.406,62.416
0.000,57.516,60.024,57.711,56.945,57.416,59.234,59.395,62.199
0.000,57.424,59.973,57.648,56.911,57.486,59.267,59.415,61.988
0.000,57.344,59.933,57.695,56.927,57.450,59.214,59.365,61.806
0.000,57.465,59.983,57.735,56.993,57.490,59.220,59.349,61.702
0.000,57.565,60.053,57.687,56.960,57.534,59.212,59.346,61.801
7.697,57.525,60.005,57.715,56.919,57.462,59.160,59.326,61.640
0.000,57.537,60.057,57.716,56.934,57.452,59.164,59.291,61.539
0.000,57.582,60.142,57.699,56.904,57.441,59.132,59.288,61.414
0.000,57.580,60.111,57.677,56.867,57.444,59.166,59.325,61.826
0.000,57.621,60.094,57.630,56.876,57.505,59.116,59.278,62.385
0.000,57.622,60.151,57.653,56.897,57.568,59.095,59.231,62.255
0.000,57.589,60.131,57.608,56.843,57.625,59.060,59.239,62.049
0.000,57.594,60.244,57.697,56.895,57.661,59.069,59.221,61.829
7.796,57.642,60.270,57.695,56.910,57.685,59.137,59.206,61.762
0.000,57.597,60.259,57.650,56.870,57.730,59.116,59.125,61.723
0.000,57.479,60.168,57.630,56.813,57.709,59.069,59.121,61.743
0.000,57.418,60.195,57.634,56.783,57.749,59.066,59.061,61.613
0.000,57.388,60.220,57.594,56.743,57.777,59.052,59.027,61.570
0.000,57.458,60.198,57.584,56.717,57.751,59.047,59.072,61.756
0.000,57.448,60.227,57.560,56.693,57.787,59.083,59.074,61.735
0.000,57.434,60.231,57.541,56.724,57.833,59.105,59.029,61.709
7.891,57.369,60.232,57.511,56.678,57.873,59.079,59.059,61.697
0.000,57.282,60.194,57.535,56.734,57.905,59.069,59.024,61.544
0.000,57.285,60.252,57.644,56.759,57.918,59.074,59.068,61.452
0.000,57.232,60.245,57.665,56.772,57.939,59.073,59.017,61.276
0.000,57.220,60.181,57.686,56.737,57.865,59.080,59.014,61.109
0.000,57.224,60.172,57.712,56.738,57.907,59.085,59.016,61.040
0.000,57.197,60.207,57.720,56.772,57.936,59.070,59.010,60.912
0.000,57.159,60.186,57.749,56.759,57.884,59.088,59.076,60.799
7.992,57.148,60.185,57.841,56.828,57.798,59.076,59.056,60.675
0.000,57.224,60.220,57.903,56.887,57.791,59.126,59.137,60.688
0.000,57.231,60.143,57.939,56.906,57.737,59.162,59.193,60.983
0.000,57.229,60.059,57.905,56.907,57.648,59.168,59.254,60.994
0.000,57.281,60.066,57.875,56.950,57.578,59.190,59.286,60.949
0.000,57.285,60.065,57.927,56.967,57.596,59.169,59.303,61.131
0.000,57.265,59.950,58.006,56.899,57.522,59.183,59.369,61.980
8.085,57.204,59.906,58.014,56.879,57.490,59.170,59.338,62.052
0.000,57.248,59.945,58.042,56.927,57.471,59.183,59.361,61.967
0.000,57.241,59.869,58.049,56.917,57.462,59.177,59.419,61.899
0.000,57.244,59.818,57.983,56.885,57.404,59.127,59.401,61.700
0.000,57.297,59.806,57.957,56.988,57.407,59.150,59.356,61.557
0.000,57.274,59.795,57.879,56.975,57.434,59.125,59.345,61.629
0.000,57.211,59.654,57.795,56.864,57.404,59.046,59.362,62.704
0.000,57.246,59.671,57.698,56.881,57.366,59.044,59.307,63.011
8.186,57.210,59.660,57.623,56.828,57.340,59.008,59.278,62.814
0.000,57.164,59.592,57.641,56.782,57.295,59.015,59.337,62.862
0.000,57.128,59.527,57.614,56.758,57.257,58.998,59.283,62.912
0.000,57.168,59.500,57.550,56.770,57.257,59.030,59.265,62.826
0.000,57.216,59.436,57.493,56.704,57.237,59.033,59.280,62.901
0.000,57.155,59.356,57.474,56.685,57.127,58.923,59.244,62.650
0.000,57.253,59.356,57.379,56.766,57.158,58.975,59.260,62.807
0.000,57.236,59.443,57.339,56.802,57.257,59.020,59.216,62.751
8.282,57.238,59.363,57.268,56.739,57.209,58.989,59.152,62.766
0.000,57.270,59.413,57.183,56.714,57.152,58.974,59.101,62.748
0.000,57.180,59.430,57.201,56.720,57.115,58.927,59.101,62.626
0.000,57.231,59.391,57.181,56.701,57.100,58.901,59.144,62.592
0.000,57.206,59.380,57.143,56.674,57.068,58.919,59.151,63.183
0.000,57.189,59.473,57.158,56.673,57.100,58.895,59.157,63.113
0.000,57.203,59.472,57.088,56.590,57.048,58.888,59.182,62.979
0.000,57.145,59.446,57.144,56.582,57.025,58.897,59.174,63.118
8.379,57.131,59.464,57.036,56.591,57.001,58.993,59.176,63.079
0.000,57.137,59.518,57.045,56.548,56.989,58.971,59.176,62.824
0.000,57.127,59.468,57.002,56.490,56.901,58.975,59.149,62.921
0.000,57.158,59.510,56.953,56.520,56.881,58.977,59.154,62.940
0.000,57.173,59.506,56.905,56.518,56.921,58.993,59.156,62.809
0.000,57.153,59.446,56.860,56.474,56.958,59.006,59.185,62.671
0.000,57.097,59.501,56.872,56.529,56.967,59.008,59.146,62.461
0.000,57.069,59.512,56.960,56.597,56.969,59.036,59.120,62.286
8.475,57.017,59.452,56.974,56.588,56.953,59.034,59.197,62.303
0.000,57.000,59.402,57.062,56.622,56.905,59.024,59.178,62.089
0.000,57.127,59.512,57.029,56.670,56.957,59.077,59.209,61.937
0.000,57.140,59.529,56.995,56.633,56.951,59.060,59.148,61.852
0.000,57.163,59.442,56.966,56.564,56.919,59.044,59.150,61.747
0.000,57.113,59.426,56.982,56.614,57.004,59.086,59.152,61.653
0.000,57.021,59.413,57.061,56.648,57.092,59.080,59.189,61.580
8.575,56.932,59.341,57.140,56.604,57.083,59.068,59.213,61.464
0.000,56.901,59.313,57.202,56.631,57.151,59.074,59.243,61.629
0.000,56.905,59.369,57.288,56.687,57.152,59.080,59.248,61.530
0.000,56.964,59.356,57.315,56.679,57.177,59.091,59.314,62.014
0.000,56.950,59.297,57.320,56.626,57.054,59.025,59.234,62.516
0.000,57.053,59.353,57.302,56.702,57.061,59.114,59.319,63.308
0.000,57.169,59.367,57.201,56.683,57.047,59.110,59.330,63.182
0.000,57.124,59.237,57.186,56.606,56.944,59.070,59.280,63.814
8.674,57.210,59.283,57.090,56.650,56.917,59.031,59.230,63.789
0.000,57.232,59.315,57.062,56.673,56.921,59.026,59.192,64.326
0.000,57.264,59.312,57.016,56.624,56.911,59.051,59.231,64.275
0.000,57.253,59.259,56.891,56.515,56.846,58.980,59.168,64.273
0.000,57.291,59.223,56.789,56.500,56.803,59.059,59.180,64.403
0.000,57.316,59.226,56.709,56.462,56.794,59.091,59.199,64.351
0.000,57.349,59.236,56.631,56.465,56.715,59.084,59.115,64.089
0.000,57.430,59.235,56.549,56.514,56.783,59.071,59.105,64.504
8.773,57.454,59.278,56.536,56.468,56.762,59.023,59.157,64.483
0.000,57.410,59.233,56.529,56.463,56.765,59.070,59.131,64.222
0.000,57.479,59.251,56.501,56.552,56.745,59.109,59.121,64.413
0.000,57.468,59.293,56.465,56.595,56.726,59.104,59.076,64.236
0.000,57.512,59.199,56.437,56.489,56.701,59.057,59.122,65.164
0.000,57.524,59.247,56.420,56.510,56.678,59.107,59.072,64.890
0.000,57.535,59.253,56.331,56.571,56.714,59.180,59.073,64.831
0.000,57.568,59.253,56.283,56.495,56.718,59.118,59.179,64.999
8.871,57.431,59.233,56.377,56.412,56.666,59.102,59.191,64.858
0.000,57.487,59.214,56.328,56.476,56.716,59.127,59.218,64.622
0.000,57.428,59.237,56.394,56.491,56.730,59.134,59.192,64.343
0.000,57.359,59.172,56.380,56.461,56.668,59.138,59.215,64.048
0.000,57.364,59.163,56.393,56.507,56.639,59.150,59.191,63.989
0.000,57.303,59.179,56.415,56.556,56.664,59.150,59.189,63.741
0.000,57.306,59.137,56.494,56.466,56.605,59.054,59.202,63.486
0.000,57.348,59.135,56.507,56.508,56.577,59.107,59.230,63.258
8.968,57.334,59.141,56.535,56.591,56.638,59.159,59.257,63.027
0.000,57.487,59.191,56.472,56.501,56.694,59.051,59.335,62.782
0.000,57.484,59.153,56.453,56.466,56.680,59.024,59.299,62.535
0.000,57.527,59.166,56.413,56.536,56.734,59.034,59.282,62.317
0.000,57.503,59.207,56.430,56.497,56.701,59.011,59.175,62.073
0.000,57.453,59.181,56.479,56.488,56.630,59.058,59.188,61.869
0.000,57.540,59.204,56.520,56.446,56.591,59.056,59.178,62.394
9.063,57.523,59.218,56.569,56.472,56.603,59.133,59.201,62.960
0.000,57.570,59.176,56.583,56.430,56.562,59.085,59.215,62.902
0.000,57.591,59.163,56.524,56.421,56.515,59.108,59.188,63.682
0.000,57.578,59.194,56.560,56.534,56.601,59.268,59.262,63.800
0.000,57.665,59.242,56.541,56.497,56.672,59.169,59.332,63.707
0.000,57.637,59.181,56.555,56.473,56.641,59.137,59.272,63.691
0.000,57.677,59.228,56.517,56.515,56.696,59.156,59.249,63.534
0.000,57.579,59.225,56.535,56.433,56.674,59.138,59.280,63.463
9.158,57.554,59.195,56.594,56.453,56.598,59.045,59.248,64.017
0.000,57.509,59.177,56.631,56.517,56.617,59.069,59.278,64.177
0.000,57.509,59.098,56.684,56.511,56.618,59.058,59.339,64.072
0.000,57.466,59.069,56.720,56.498,56.775,59.005,59.375,64.038
0.000,57.461,59.091,56.690,56.467,56.815,58.932,59.354,64.431
0.000,57.446,59.172,56.738,56.546,56.788,58.983,59.303,64.331
0.000,57.459,59.147,56.647,56.476,56.795,58.943,59.295,64.318
0.000,57.423,59.155,56.718,56.538,56.741,58.914,59.303,64.528
9.258,57.460,59.189,56.693,56.613,56.843,58.946,59.302,64.513
0.000,57.468,59.227,56.679,56.593,56.860,58.902,59.258,64.678
0.000,57.398,59.149,56.628,56.503,56.803,58.900,59.194,64.458
0.000,57.443,59.240,56.591,56.581,56.833,58.879,59.153,64.293
0.000,57.370,59.261,56.593,56.583,56.866,58.965,59.133,64.140
0.000,57.348,59.245,56.514,56.496,56.800,58.943,59.090,63.848
0.000,57.360,59.232,56.459,56.487,56.766,58.947,59.065,63.640
0.000,57.340,59.210,56.476,56.526,56.740,59.048,59.056,63.464
9.358,57.381,59.259,56.369,56.440,56.705,58.990,58.999,63.319
0.000,57.408,59.265,56.264,56.413,56.739,58.936,58.994,63.290
0.000,57.535,59.283,56.221,56.416,56.711,59.033,58.951,63.090
0.000,57.634,59.340,56.211,56.393,56.727,59.085,59.014,62.891
0.000,57.712,59.372,56.185,56.405,56.712,59.132,59.070,62.687
0.000,57.750,59.305,56.086,56.419,56.655,59.140,59.081,62.770
0.000,57.791,59.372,56.140,56.440,56.680,59.062,59.146,62.784
0.000,57.823,59.318,56.081,56.358,56.607,59.016,59.132,63.088
9.458,57.842,59.265,55.995,56.378,56.610,59.058,59.108,62.963
0.000,57.835,59.254,55.990,56.368,56.622,59.077,59.111,62.694
0.000,57.855,59.243,56.005,56.316,56.653,59.008,59.131,62.445
0.000,57.844,59.245,56.057,56.439,56.652,59.068,59.160,62.226
0.000,57.876,59.306,56.075,56.514,56.700,59.153,59.194,62.007
0.000,57.927,59.367,56.073,56.508,56.721,59.102,59.216,61.786
0.000,57.926,59.321,56.065,56.438,56.647,59.082,59.144,61.547
9.553,57.980,59.334,56.012,56.421,56.640,59.153,59.080,61.504
0.000,57.855,59.354,56.021,56.391,56.618,59.166,59.098,61.818
0.000,57.830,59.267,56.042,56.348,56.553,59.163,59.105,61.790
0.000,57.927,59.322,56.047,56.340,56.514,59.123,59.094,61.686
0.000,57.914,59.304,56.086,56.391,56.541,59.131,59.157,61.648
0.000,57.959,59.280,56.115,56.367,56.514,59.158,59.250,62.046
0.000,57.938,59.220,56.120,56.428,56.526,59.106,59.245,63.887
0.000,58.003,59.233,56.169,56.519,56.539,59.093,59.219,64.103
9.647,58.005,59.230,56.138,56.475,56.519,59.053,59.241,64.320
0.000,58.011,59.190,56.128,56.478,56.587,58.944,59.177,64.136
0.000,58.179,59.231,56.136,56.485,56.599,59.001,59.187,64.066
0.000,58.170,59.219,56.133,56.490,56.600,59.014,59.170,63.918
0.000,58.226,59.209,56.124,56.474,56.574,59.073,59.213,63.823
0.000,58.298,59.303,56.151,56.533,56.614,59.044,59.262,64.156
0.000,58.284,59.291,56.276,56.615,56.655,59.091,59.300,64.046
0.000,58.334,59.252,56.289,56.573,56.654,59.027,59.285,63.808
9.749,58.261,59.211,56.350,56.561,56.575,59.047,59.272,63.593
0.000,58.257,59.207,56.431,56.619,56.625,59.130,59.295,63.865
0.000,58.240,59.240,56.450,56.610,56.620,59.130,59.305,64.472
0.000,58.164,59.242,56.444,56.603,56.586,59.086,59.310,64.296
0.000,58.189,59.217,56.438,56.566,56.572,59.071,59.339,64.087
0.000,58.121,59.253,56.510,56.566,56.536,59.136,59.346,63.806
0.000,58.088,59.273,56.569,56.588,56.503,59.177,59.340,63.531
0.000,58.066,59.217,56.495,56.586,56.499,59.081,59.289,63.410
9.847,58.069,59.263,56.537,56.562,56.486,59.094,59.328,63.290
0.000,58.044,59.286,56.542,56.508,56.480,59.180,59.400,63.342
0.000,57.972,59.205,56.542,56.493,56.445,59.172,59.410,63.334
0.000,58.078,59.242,56.524,56.550,56.497,59.163,59.401,63.399
0.000,57.991,59.198,56.489,56.528,56.506,59.185,59.421,63.403
0.000,57.958,59.174,56.490,56.538,56.443,59.175,59.387,63.525
0.000,58.003,59.200,56.519,56.571,56.509,59.206,59.397,63.362
0.000,57.925,59.195,56.519,56.614,56.546,59.233,59.413,63.291
9.942,57.951,59.199,56.612,56.546,56.499,59.162,59.439,63.090
0.000,57.929,59.252,56.605,56.625,56.531,59.226,59.422,62.851
0.000,57.889,59.255,56.601,56.587,56.534,59.159,59.411,62.602
0.000,57.858,59.259,56.625,56.512,56.540,59.189,59.424,62.794
0.000,57.845,59.255,56.665,56.512,56.572,59.118,59.445,62.704
0.000,57.909,59.399,56.748,56.566,56.609,59.143,59.379,62.683
0.000,57.942,59.515,56.736,56.583,56.683,59.216,59.437,62.938
10.041,57.894,59.473,56.705,56.494,56.630,59.179,59.388,63.879
0.000,57.970,59.480,56.659,56.578,56.651,59.296,59.325,63.750
0.000,57.887,59.507,56.584,56.588,56.619,59.310,59.316,63.647
0.000,57.872,59.493,56.555,56.545,56.509,59.219,59.327,63.438
0.000,57.973,59.534,56.489,56.528,56.461,59.141,59.250,63.202
0.000,58.015,59.534,56.449,56.568,56.668,59.067,59.278,62.992
0.000,58.137,59.570,56.440,56.510,56.635,59.104,59.269,62.758
0.000,58.117,59.592,56.380,56.451,56.618,59.154,59.265,62.817
10.132,58.208,59.579,56.281,56.426,56.621,59.233,59.294,63.566
0.000,58.248,59.566,56.224,56.471,56.658,59.253,59.286,63.952
0.000,58.169,59.528,56.202,56.508,56.573,59.208,59.223,63.816
0.000,58.201,59.506,56.131,56.453,56.610,59.186,59.203,63.668
0.000,58.180,59.573,56.143,56.496,56.668,59.250,59.202,63.443
0.000,58.258,59.645,56.146,56.489,56.618,59.307,59.219,63.391
0.000,58.226,59.600,56.122,56.419,56.631,59.248,59.205,63.161
0.000,58.183,59.602,56.173,56.420,56.621,59.264,59.155,62.911
10.239,58.136,59.553,56.137,56.358,56.590,59.295,59.212,62.652
0.000,58.152,59.515,56.111,56.291,56.622,59.253,59.169,62.424
0.000,58.227,59.599,56.172,56.433,56.768,59.311,59.209,62.285
0.000,58.289,59.709,56.222,56.383,56.884,59.268,59.173,62.202
0.000,58.239,59.739,56.339,56.465,57.067,59.296,59.232,62.327
0.000,58.166,59.814,56.464,56.555,57.303,59.317,59.225,63.125
0.000,58.066,59.925,56.541,56.541,57.450,59.303,59.194,63.198
0.000,58.048,59.962,56.662,56.539,57.575,59.364,59.199,63.223
10.336,57.950,59.922,56.706,56.629,57.768,59.369,59.154,63.324
0.000,57.909,59.972,56.736,56.685,57.998,59.390,59.162,63.274
0.000,57.928,60.031,56.723,56.634,58.103,59.358,59.181,63.681
0.000,57.852,60.010,56.833,56.705,58.145,59.329,59.107,63.765
0.000,57.815,60.050,56.839,56.751,58.264,59.331,59.096,63.768
0.000,57.776,60.041,56.844,56.735,58.390,59.283,59.062,63.737
0.000,57.729,60.068,56.854,56.696,58.411,59.263,59.047,63.569
0.000,57.797,60.097,56.842,56.698,58.429,59.264,58.974,63.401
10.435,57.815,60.121,56.855,56.654,58.467,59.213,59.018,63.203
0.000,57.850,60.173,56.931,56.648,58.476,59.245,59.138,63.054
0.000,57.776,60.170,56.979,56.691,58.582,59.294,59.079,62.903
0.000,57.725,60.189,56.997,56.731,58.633,59.269,59.059,62.784
0.000,57.734,60.188,56.911,56.657,58.600,59.238,59.042,63.011
0.000,57.647,60.167,56.953,56.622,58.551,59.175,59.028,63.121
0.000,57.679,60.272,57.007,56.636,58.558,59.197,58.981,63.776
10.532,57.706,60.309,56.991,56.604,58.556,59.177,58.954,64.050
0.000,57.689,60.271,56.965,56.553,58.482,59.166,58.952,63.860
0.000,57.712,60.322,56.964,56.572,58.455,59.135,58.962,63.638
0.000,57.684,60.426,57.008,56.545,58.444,59.133,58.965,63.397
0.000,57.769,60.435,57.034,56.497,58.377,59.128,59.005,63.180
0.000,57.781,60.395,57.049,56.483,58.351,59.134,59.015,63.014
0.000,57.784,60.398,57.060,56.478,58.379,59.155,59.054,62.898
0.000,57.709,60.367,57.059,56.441,58.342,59.095,59.033,63.349
10.623,57.672,60.257,57.045,56.425,58.255,59.052,59.035,63.650
0.000,57.685,60.266,57.075,56.459,58.250,59.065,59.001,64.267
0.000,57.560,60.225,57.070,56.451,58.231,59.066,59.007,64.075
0.000,57.477,60.189,57.110,56.473,58.272,59.085,58.999,63.876
0.000,57.438,60.172,57.068,56.528,58.219,59.036,58.964,63.692
0.000,57.523,60.322,57.132,56.621,58.256,59.170,58.985,63.567
0.000,57.544,60.257,57.144,56.578,58.209,59.134,59.003,63.385
0.000,57.504,60.262,57.132,56.686,58.154,59.134,58.993,63.157
10.726,57.478,60.281,57.155,56.704,58.203,59.148,58.992,63.072
0.000,57.445,60.277,57.128,56.689,58.215,59.162,59.102,62.874
0.000,57.380,60.245,57.214,56.666,58.175,59.115,59.092,62.621
0.000,57.479,60.239,57.165,56.716,58.149,59.152,59.065,62.839
0.000,57.496,60.311,57.155,56.718,58.190,59.181,59.043,62.645
0.000,57.481,60.298,57.207,56.656,58.160,59.185,59.155,62.520
0.000,57.525,60.307,57.227,56.729,58.131,59.204,59.148,62.615
0.000,57.525,60.288,57.240,56.751,58.150,59.199,59.159,62.642
10.823,57.589,60.209,57.243,56.694,58.145,59.162,59.214,62.843
0.000,57.516,60.179,57.304,56.738,58.121,59.147,59.236,62.751
0.000,57.595,60.177,57.412,56.857,58.122,59.139,59.269,62.698
0.000,57.623,60.250,57.395,56.867,58.122,59.194,59.319,62.584
0.000,57.592,60.157,57.432,56.886,58.100,59.161,59.289,62.875
0.000,57.655,60.198,57.451,56.890,58.053,59.145,59.276,62.929
0.000,57.637,60.219,57.410,56.889,58.068,59.186,59.283,62.935
0.000,57.602,60.121,57.381,56.839,58.043,59.185,59.347,62.794
10.921,57.525,60.139,57.334,56.860,58.024,59.158,59.280,62.547
0.000,57.485,60.176,57.272,56.891,58.118,59.171,59.283,62.471
0.000,57.495,60.175,57.278,56.814,58.127,59.173,59.313,62.277
0.000,57.371,60.170,57.337,56.847,58.062,59.160,59.287,62.096
0.000,57.308,60.122,57.319,56.833,58.091,59.192,59.252,61.910
0.000,57.288,60.144,57.307,56.790,58.048,59.168,59.192,61.718
0.000,57.345,60.126,57.331,56.778,58.011,59.154,59.213,61.588
11.013,57.395,60.088,57.325,56.815,57.958,59.114,59.128,61.662
0.000,57.399,60.129,57.260,56.781,57.959,59.154,59.162,61.674
0.000,57.403,60.061,57.212,56.720,57.949,59.150,59.212,61.791
0.000,57.368,60.074,57.192,56.737,57.894,59.145,59.107,61.717
0.000,57.407,60.100,57.168,56.731,57.903,59.222,59.156,62.181
0.000,57.473,60.140,57.096,56.739,57.925,59.240,59.177,62.660
0.000,57.450,60.110,57.072,56.673,57.871,59.263,59.186,63.499
0.000,57.487,60.146,57.068,56.704,57.870,59.289,59.238,63.851
11.116,57.516,60.253,57.114,56.684,57.902,59.306,59.264,63.741
0.000,57.573,60.300,57.168,56.646,57.907,59.305,59.328,63.567
0.000,57.608,60.271,57.115,56.632,57.896,59.290,59.279,63.561
0.000,57.596,60.258,57.207,56.674,57.868,59.258,59.295,63.547
0.000,57.594,60.241,57.238,56.611,57.816,59.254,59.387,63.726
0.000,57.638,60.273,57.330,56.659,57.801,59.250,59.380,63.509
0.000,57.609,60.249,57.399,56.752,57.858,59.301,59.412,64.392
0.000,57.564,60.213,57.393,56.747,57.880,59.298,59.466,64.205
11.215,57.447,60.098,57.447,56.751,57.840,59.269,59.437,64.812
0.000,57.460,60.097,57.417,56.837,57.804,59.284,59.424,65.312
0.000,57.384,60.098,57.415,56.844,57.770,59.276,59.421,65.298
0.000,57.423,60.020,57.334,56.785,57.730,59.302,59.423,64.997
0.000,57.385,60.047,57.288,56.771,57.705,59.291,59.366,64.700
0.000,57.370,60.103,57.235,56.758,57.698,59.285,59.326,64.413
0.000,57.399,60.082,57.155,56.702,57.652,59.271,59.330,64.481
0.000,57.388,60.089,57.171,56.714,57.613,59.293,59.358,64.528
11.310,57.541,60.161,57.175,56.756,57.669,59.358,59.404,64.411
0.000,57.631,60.161,57.165,56.716,57.662,59.352,59.403,64.400
0.000,57.591,60.092,57.265,56.704,57.665,59.381,59.499,64.433
0.000,57.690,60.138,57.249,56.859,57.670,59.456,59.485,64.396
0.000,57.673,60.114,57.273,56.879,57.805,59.431,59.496,64.714
0.000,57.880,60.073,57.261,56.881,57.793,59.388,59.530,64.819
0.000,57.896,60.055,57.260,56.924,57.803,59.403,59.536,64.604
0.000,57.931,60.026,57.271,56.941,57.885,59.384,59.577,64.352
11.409,57.950,59.989,57.206,56.892,57.906,59.371,59.604,64.182
0.000,57.900,60.040,57.162,56.933,57.863,59.326,59.564,63.996
0.000,57.946,59.984,57.132,56.960,57.940,59.350,59.560,63.825
0.000,58.006,60.090,57.080,56.973,57.990,59.337,59.567,63.710
0.000,57.948,60.012,57.068,56.902,57.960,59.285,59.555,63.734
0.000,57.962,60.035,57.086,56.967,57.974,59.321,59.512,63.832
0.000,57.969,60.160,57.069,56.965,58.037,59.275,59.507,63.685
11.505,58.045,60.110,57.146,56.923,57.971,59.263,59.533,63.507
0.000,57.931,60.106,57.180,56.965,57.956,59.246,59.487,63.228
0.000,57.898,60.140,57.171,56.950,57.977,59.229,59.472,62.960
0.000,57.906,60.093,57.178,56.889,58.015,59.230,59.519,62.722
0.000,57.840,60.105,57.257,56.940,58.001,59.229,59.539,62.641
0.000,57.933,60.087,57.280,56.978,58.041,59.260,59.588,62.908
0.000,57.825,60.060,57.294,56.978,58.117,59.255,59.560,62.747
0.000,57.706,59.970,57.290,56.923,58.108,59.216,59.552,62.540
11.603,57.797,60.026,57.232,56.921,58.093,59.241,59.581,62.399
0.000,57.811,60.053,57.170,56.906,58.092,59.219,59.540,62.242
0.000,57.901,60.012,57.177,56.932,58.156,59.256,59.602,62.100
0.000,57.833,59.994,57.160,56.963,58.175,59.250,59.556,62.815
0.000,57.898,60.065,57.160,56.984,58.188,59.268,59.499,62.768
0.000,57.908,60.140,57.095,56.950,58.203,59.327,59.567,62.729
0.000,57.827,60.074,57.091,56.893,58.129,59.273,59.505,62.657
0.000,58.011,60.141,57.104,56.921,58.124,59.369,59.558,63.995
11.703,58.133,60.283,57.126,56.941,58.178,59.417,59.587,64.290
0.000,58.125,60.175,57.096,56.858,58.102,59.454,59.582,64.550
0.000,58.156,60.215,57.113,56.885,58.052,59.452,59.566,64.366
0.000,58.109,60.241,57.122,56.870,58.024,59.424,59.587,64.132
0.000,58.233,60.272,57.173,56.829,57.982,59.398,59.602,64.158
0.000,58.222,60.319,57.208,56.814,57.937,59.382,59.566,64.132
0.000,58.244,60.351,57.228,56.841,57.909,59.375,59.550,64.018
0.000,58.296,60.393,57.174,56.863,57.931,59.444,59.598,64.016
11.800,58.222,60.359,57.149,56.851,57.863,59.364,59.577,64.284
0.000,58.274,60.454,57.181,56.893,57.888,59.445,59.595,64.213
0.000,58.198,60.543,57.295,56.849,57.831,59.444,59.575,64.926
0.000,58.190,60.524,57.335,56.796,57.762,59.490,59.587,65.444
0.000,58.271,60.609,57.405,56.829,57.740,59.565,59.653,65.959
0.000,58.206,60.623,57.416,56.830,57.728,59.576,59.649,65.774
0.000,58.278,60.607,57.435,56.775,57.671,59.603,59.696,65.508
0.000,58.155,60.511,57.446,56.745,57.643,59.579,59.651,65.283
11.895,58.074,60.461,57.429,56.795,57.698,59.606,59.627,65.133
0.000,58.062,60.468,57.347,56.782,57.695,59.620,59.662,65.005
0.000,57.989,60.379,57.361,56.715,57.615,59.591,59.668,64.949
0.000,57.972,60.336,57.307,56.751,57.632,59.591,59.648,64.967
0.000,57.931,60.369,57.276,56.774,57.620,59.556,59.631,64.807
0.000,57.884,60.282,57.249,56.721,57.571,59.539,59.631,64.657
0.000,57.988,60.307,57.265,56.758,57.550,59.552,59.595,64.850
11.995,57.991,60.389,57.364,56.856,57.608,59.623,59.644,64.849
0.000,58.148,60.395,57.402,56.849,57.651,59.697,59.799,65.172
0.000,58.155,60.422,57.461,56.889,57.643,59.643,59.783,64.977
0.000,58.173,60.462,57.518,56.939,57.700,59.722,59.879,64.839
0.000,58.123,60.473,57.575,56.923,57.757,59.707,59.919,64.601
0.000,58.027,60.416,57.598,56.880,57.788,59.677,59.899,64.305
0.000,58.249,60.522,57.693,56.949,57.849,59.775,60.031,64.112
0.000,58.160,60.519,57.723,56.969,57.892,59.750,60.020,63.911
12.093,58.173,60.504,57.809,56.967,57.947,59.757,60.101,63.988
0.000,58.215,60.518,57.861,57.007,57.945,59.710,60.017,64.138
0.000,58.161,60.491,57.898,57.051,57.956,59.703,59.966,64.271
0.000,58.164,60.460,57.840,56.949,57.952,59.655,59.982,64.108
0.000,58.066,60.339,57.826,56.952,57.896,59.598,59.890,64.477
0.000,58.045,60.409,57.826,57.071,57.943,59.653,59.929,64.527
0.000,58.078,60.401,57.714,57.030,57.964,59.611,59.835,64.384
0.000,57.982,60.327,57.628,56.993,57.895,59.604,59.790,64.130
12.189,58.034,60.415,57.579,57.010,57.872,59.692,59.768,63.918
0.000,58.043,60.434,57.515,56.943,57.820,59.646,59.753,64.142
0.000,58.056,60.443,57.536,56.917,57.758,59.742,59.864,64.312
0.000,58.081,60.453,57.523,56.975,57.677,59.754,59.919,64.263
0.000,58.101,60.473,57.526,57.000,57.695,59.796,59.931,64.166
0.000,58.205,60.529,57.509,56.896,57.600,59.798,59.973,63.970
0.000,58.172,60.444,57.448,56.885,57.486,59.792,59.953,63.900
0.000,58.274,60.481,57.464,56.924,57.513,59.809,60.014,63.703
12.284,58.409,60.521,57.449,56.908,57.469,59.787,60.040,63.442
0.000,58.398,60.512,57.441,56.881,57.423,59.748,59.983,63.197
0.000,58.440,60.499,57.442,56.887,57.399,59.733,59.978,63.190
0.000,58.420,60.514,57.357,56.854,57.388,59.762,59.964,64.134
0.000,58.383,60.434,57.303,56.803,57.370,59.690,60.004,64.357
0.000,58.361,60.334,57.257,56.866,57.352,59.705,59.999,64.506
0.000,58.354,60.329,57.250,56.877,57.373,59.661,59.945,64.449
0.000,58.317,60.239,57.215,56.804,57.359,59.642,59.918,64.260
12.386,58.220,60.220,57.229,56.830,57.279,59.656,59.901,64.087
0.000,58.238,60.223,57.198,56.826,57.286,59.631,59.823,63.951
0.000,58.230,60.232,57.173,56.732,57.265,59.599,59.828,63.843
0.000,58.134,60.191,57.139,56.686,57.195,59.545,59.788,64.046
0.000,58.198,60.196,57.092,56.699,57.192,59.607,59.775,64.225
0.000,58.097,60.226,57.094,56.702,57.182,59.596,59.768,64.180
0.000,58.074,60.157,57.174,56.694,57.142,59.648,59.828,64.035
12.481,57.986,60.165,57.259,56.705,57.163,59.608,59.805,64.096
0.000,57.936,60.144,57.329,56.711,57.111,59.568,59.728,64.276
0.000,57.927,60.199,57.423,56.735,57.126,59.649,59.851,64.564
0.000,57.932,60.149,57.482,56.736,57.071,59.609,59.794,64.350
0.000,57.917,60.170,57.469,56.789,57.100,59.647,59.777,64.178
0.000,57.964,60.216,57.511,56.799,57.154,59.608,59.780,63.974
0.000,57.989,60.112,57.462,56.780,57.071,59.636,59.750,63.735
0.000,57.979,60.085,57.504,56.824,57.052,59.626,59.767,63.711
12.576,57.930,60.028,57.482,56.832,57.073,59.564,59.692,64.189
0.000,57.866,59.974,57.428,56.794,57.060,59.529,59.675,64.023
0.000,57.872,59.962,57.388,56.809,57.106,59.473,59.646,63.765
0.000,57.870,59.955,57.335,56.830,57.124,59.457,59.606,63.515
0.000,57.977,60.022,57.307,56.785,57.154,59.499,59.619,63.284
0.000,57.976,59.955,57.316,56.718,57.076,59.439,59.596,63.157
0.000,58.110,60.112,57.363,56.767,57.158,59.519,59.617,64.140
0.000,58.126,60.140,57.392,56.778,57.173,59.524,59.586,64.284
12.679,58.159,60.158,57.481,56.767,57.147,59.566,59.625,64.684
0.000,58.195,60.204,57.477,56.792,57.148,59.633,59.608,64.912
0.000,58.129,60.242,57.563,56.848,57.184,59.657,59.668,64.784
0.000,58.099,60.246,57.645,56.860,57.272,59.627,59.775,64.521
0.000,58.134,60.245,57.628,56.811,57.239,59.632,59.749,64.585
0.000,58.048,60.205,57.640,56.818,57.214,59.659,59.750,64.382
0.000,58.024,60.207,57.685,56.812,57.230,59.621,59.798,64.167
0.000,58.016,60.096,57.687,56.819,57.230,59.599,59.809,63.923
12.777,57.978,60.070,57.694,56.899,57.228,59.601,59.796,64.029
0.000,57.982,59.995,57.616,56.866,57.236,59.514,59.747,63.940
0.000,57.939,59.898,57.555,56.837,57.194,59.466,59.727,63.795
0.000,57.966,59.857,57.504,56.856,57.164,59.428,59.719,63.737
0.000,57.973,59.861,57.477,56.816,57.142,59.370,59.682,63.539
0.000,57.892,59.783,57.431,56.750,57.137,59.367,59.651,63.249
0.000,57.873,59.763,57.334,56.731,57.118,59.345,59.608,63.079
0.000,57.925,59.853,57.231,56.729,57.140,59.394,59.573,63.477
12.867,57.955,59.891,57.137,56.680,57.130,59.369,59.550,63.522
0.000,58.075,59.902,57.085,56.670,57.071,59.308,59.579,63.537
0.000,58.115,59.876,57.037,56.691,57.120,59.374,59.583,63.746
0.000,58.190,59.951,57.036,56.695,57.126,59.385,59.614,63.841
0.000,58.183,59.826,57.078,56.650,57.060,59.316,59.692,63.646
0.000,58.203,59.846,57.004,56.712,57.021,59.397,59.702,63.524
0.000,58.280,59.923,57.084,56.739,57.030,59.333,59.683,63.308
12.971,58.252,59.859,57.190,56.753,57.034,59.440,59.821,63.058
0.000,58.259,59.832,57.136,56.783,57.021,59.380,59.765,62.927
0.000,58.186,59.762,57.115,56.766,57.003,59.403,59.775,62.769
0.000,58.128,59.732,57.066,56.731,56.999,59.415,59.823,62.607
0.000,58.099,59.696,57.036,56.760,56.970,59.337,59.797,62.424
0.000,58.064,59.641,57.000,56.805,56.981,59.410,59.813,62.236
0.000,58.057,59.691,56.941,56.784,56.971,59.391,59.787,62.179
0.000,57.975,59.629,56.991,56.757,56.959,59.379,59.782,62.426
13.067,57.979,59.665,57.011,56.785,56.936,59.355,59.767,62.255
0.000,57.867,59.617,57.064,56.775,56.954,59.317,59.764,62.166
0.000,57.888,59.610,57.074,56.722,56.957,59.353,59.823,62.026
0.000,57.909,59.575,57.085,56.781,57.145,59.317,59.824,61.906
0.000,57.916,59.645,57.138,56.882,57.175,59.340,59.832,61.833
0.000,57.943,59.577,57.159,56.833,57.111,59.297,59.830,61.657
0.000,57.868,59.557,57.194,56.889,57.024,59.319,59.861,61.743
0.000,57.969,59.587,57.141,56.989,57.093,59.359,59.893,63.079
13.168,58.045,59.633,57.130,57.002,57.111,59.349,59.890,62.986
0.000,58.039,59.585,57.068,56.927,57.135,59.292,59.906,62.893
0.000,58.066,59.584,57.011,56.922,57.175,59.296,59.890,62.781
0.000,57.991,59.602,56.967,56.906,57.207,59.270,59.873,62.763
0.000,58.016,59.507,56.920,56.858,57.194,59.336,59.919,62.902
0.000,58.000,59.502,56.867,56.842,57.193,59.250,59.867,62.860
0.000,57.996,59.553,56.827,56.900,57.233,59.330,59.814,62.820
0.000,58.017,59.534,56.821,56.854,57.193,59.272,59.799,62.651
13.266,58.021,59.585,56.938,56.869,57.161,59.357,59.852,62.448
0.000,58.057,59.619,56.903,56.883,57.159,59.355,59.819,62.238
0.000,58.083,59.708,56.921,56.899,57.134,59.424,59.778,62.056
0.000,58.145,59.693,56.909,56.803,57.114,59.419,59.791,62.275
0.000,58.232,59.787,56.900,56.833,57.074,59.441,59.717,62.279
0.000,58.219,59.796,56.966,56.869,57.076,59.467,59.723,62.722
0.000,58.254,59.770,56.967,56.795,57.025,59.472,59.725,62.576
0.000,58.246,59.819,56.973,56.806,56.970,59.503,59.689,62.416
13.358,58.297,59.816,57.002,56.827,56.915,59.471,59.654,62.217
0.000,58.368,59.825,56.996,56.848,56.915,59.530,59.686,62.059
0.000,58.253,59.681,56.965,56.812,56.859,59.408,59.651,62.043
0.000,58.219,59.653,57.008,56.885,56.881,59.448,59.612,62.194
0.000,58.151,59.715,57.069,56.930,56.916,59.419,59.653,62.021
0.000,57.985,59.596,57.147,56.887,56.844,59.401,59.716,61.883
0.000,57.939,59.603,57.148,56.986,56.827,59.401,59.747,61.812
13.452,57.971,59.637,57.208,57.042,56.895,59.361,59.715,61.735
0.000,57.887,59.568,57.213,56.959,56.847,59.343,59.763,61.818
0.000,57.836,59.573,57.212,57.029,57.019,59.298,59.741,61.775
0.000,57.779,59.606,57.225,57.037,57.012,59.309,59.747,61.954
0.000,57.710,59.635,57.321,57.013,56.997,59.350,59.798,61.901
0.000,57.612,59.537,57.297,56.973,56.950,59.323,59.750,61.741
0.000,57.531,59.557,57.251,57.010,56.950,59.393,59.757,61.780
0.000,57.506,59.564,57.253,57.008,57.004,59.369,59.713,61.569
13.557,57.483,59.528,57.318,56.957,56.973,59.351,59.655,62.361
0.000,57.553,59.546,57.248,56.997,57.008,59.393,59.632,62.451
0.000,57.613,59.644,57.287,57.060,57.068,59.470,59.704,63.174
0.000,57.792,59.731,57.370,57.038,57.176,59.484,59.827,63.233
0.000,57.845,59.726,57.448,57.037,57.167,59.477,59.766,63.261
0.000,57.824,59.812,57.516,57.074,57.235,59.484,59.779,63.044
0.000,57.753,59.823,57.569,57.049,57.278,59.498,59.795,62.895
0.000,57.739,59.827,57.737,57.026,57.242,59.457,59.719,63.165
13.653,57.690,59.872,57.868,57.065,57.294,59.492,59.728,63.417
0.000,57.636,59.854,57.928,57.060,57.350,59.494,59.779,63.340
0.000,57.562,59.754,57.943,57.009,57.272,59.468,59.719,63.325
0.000,57.508,59.702,57.882,56.996,57.254,59.446,59.677,63.478
0.000,57.524,59.720,57.876,57.012,57.251,59.397,59.648,63.879
0.000,57.529,59.708,57.850,56.980,57.256,59.482,59.678,63.885
0.000,57.420,59.570,57.800,56.945,57.219,59.402,59.589,63.652
0.000,57.367,59.616,57.783,56.982,57.201,59.371,59.528,63.391
13.752,57.482,59.671,57.781,56.918,57.230,59.348,59.569,63.177
0.000,57.462,59.636,57.821,56.896,57.157,59.317,59.531,63.003
0.000,57.433,59.617,57.821,56.932,57.187,59.348,59.598,64.060
0.000,57.428,59.714,57.885,56.924,57.194,59.363,59.623,63.851
0.000,57.387,59.744,57.883,56.907,57.207,59.379,59.585,63.677
0.000,57.402,59.713,57.821,56.888,57.165,59.358,59.527,63.889
0.000,57.386,59.775,57.889,56.979,57.236,59.370,59.566,64.381
0.000,57.313,59.737,57.946,56.921,57.271,59.335,59.641,64.897
13.848,57.306,59.748,58.036,56.986,57.287,59.361,59.655,65.189
0.000,57.304,59.822,58.094,57.042,57.289,59.361,59.683,65.244
0.000,57.348,59.879,58.093,56.976,57.277,59.337,59.668,64.987
0.000,57.272,59.850,58.094,57.001,57.317,59.330,59.621,64.697
0.000,57.324,59.862,58.066,57.034,57.359,59.359,59.640,64.597
0.000,57.313,59.948,58.146,57.043,57.455,59.327,59.678,64.642
0.000,57.283,59.970,58.236,57.051,57.510,59.318,59.692,65.540
13.949,57.333,60.047,58.240,57.098,57.564,59.326,59.662,65.333
0.000,57.363,60.113,58.278,57.106,57.611,59.332,59.709,65.116
0.000,57.386,60.077,58.223,57.099,57.719,59.310,59.682,64.860
0.000,57.360,60.108,58.190,57.125,57.769,59.288,59.617,64.615
0.000,57.384,60.149,58.143,57.132,57.852,59.279,59.561,64.417
0.000,57.394,60.152,58.191,57.065,57.858,59.248,59.543,64.160
0.000,57.335,60.126,58.190,57.054,57.887,59.264,59.511,64.070
0.000,57.353,60.239,58.173,57.132,57.926,59.351,59.529,63.898
14.046,57.303,60.286,58.148,57.053,57.911,59.314,59.507,63.625
0.000,57.294,60.260,58.156,57.033,57.929,59.377,59.536,63.542
0.000,57.268,60.254,58.139,57.023,57.916,59.336,59.550,63.896
0.000,57.295,60.295,58.154,57.021,57.856,59.318,59.508,63.959
0.000,57.351,60.258,58.145,56.972,57.862,59.351,59.605,63.755
0.000,57.396,60.298,58.257,57.029,57.830,59.349,59.618,63.502
0.000,57.445,60.314,58.249,57.074,57.880,59.419,59.593,63.414
0.000,57.404,60.279,58.223,57.103,57.881,59.402,59.584,63.587
14.138,57.394,60.258,58.321,57.144,57.878,59.422,59.639,63.689
0.000,57.523,60.328,58.346,57.183,57.858,59.464,59.643,63.703
0.000,57.449,60.320,58.348,57.154,57.834,59.454,59.610,63.584
0.000,57.431,60.297,58.383,57.162,57.808,59.442,59.654,64.141
0.000,57.433,60.256,58.318,57.166,57.810,59.437,59.590,63.999
0.000,57.371,60.261,58.305,57.245,57.803,59.403,59.579,64.540
0.000,57.302,60.232,58.321,57.187,57.796,59.396,59.632,64.863
0.000,57.209,60.197,58.280,57.136,57.731,59.374,59.566,64.579
14.243,57.144,60.151,58.238,57.140,57.736,59.360,59.518,64.481
0.000,57.106,60.118,58.211,57.113,57.802,59.321,59.491,64.494
0.000,57.064,60.032,58.147,57.068,57.721,59.328,59.475,64.289
0.000,57.010,60.036,58.180,57.087,57.768,59.342,59.451,64.055
0.000,57.042,60.058,58.196,57.107,57.757,59.374,59.446,63.946
0.000,57.022,60.004,58.179,57.046,57.741,59.347,59.476,64.615
0.000,56.957,59.994,58.164,57.091,57.698,59.339,59.390,64.699
0.000,56.962,60.070,58.139,57.103,57.733,59.323,59.321,64.844
14.336,56.979,60.060,58.167,57.052,57.754,59.299,59.419,64.586
0.000,56.952,60.020,58.181,57.014,57.739,59.306,59.404,64.350
0.000,56.921,60.061,58.180,57.027,57.787,59.372,59.509,64.251
0.000,56.991,60.035,58.131,57.034,57.855,59.371,59.552,64.956
0.000,57.127,60.011,58.111,57.006,57.912,59.454,59.669,64.966
0.000,57.160,59.950,58.040,56.991,57.898,59.432,59.663,64.744
0.000,57.186,59.949,57.996,56.976,57.896,59.417,59.616,64.462
14.433,57.221,59.908,57.924,56.891,57.896,59.436,59.734,64.270
0.000,57.258,59.902,57.919,56.919,57.858,59.428,59.720,64.078
0.000,57.391,59.959,57.861,56.918,57.914,59.512,59.801,64.105
0.000,57.460,59.965,57.760,56.830,57.945,59.481,59.766,64.156
0.000,57.533,60.008,57.741,56.831,57.909,59.513,59.744,64.588
0.000,57.667,60.075,57.714,56.863,57.920,59.538,59.742,65.350
0.000,57.694,60.159,57.653,56.819,57.945,59.544,59.709,65.307
0.000,57.740,60.075,57.546,56.736,57.866,59.541,59.668,65.131
14.534,57.810,60.076,57.523,56.848,57.911,59.539,59.609,66.412
0.000,57.822,60.148,57.482,56.858,57.930,59.565,59.605,66.230
0.000,57.805,60.105,57.433,56.815,57.973,59.541,59.600,66.054
0.000,57.750,60.095,57.438,56.804,57.916,59.543,59.531,66.060
0.000,57.728,60.131,57.388,56.857,57.947,59.584,59.493,65.827
0.000,57.717,60.109,57.392,56.849,58.014,59.549,59.523,65.541
0.000,57.615,60.027,57.381,56.815,57.950,59.509,59.493,65.221
0.000,57.622,60.058,57.413,56.856,57.965,59.578,59.542,64.947
14.626,57.535,60.064,57.420,56.864,57.967,59.506,59.541,64.895
0.000,57.557,60.132,57.478,56.844,57.915,59.478,59.510,64.782
0.000,57.580,60.132,57.448,56.838,57.851,59.468,59.482,64.718
0.000,57.629,60.212,57.450,56.856,57.894,59.496,59.500,64.636
0.000,57.629,60.209,57.479,56.819,57.862,59.505,59.565,64.385
0.000,57.592,60.191,57.440,56.760,57.791,59.458,59.546,64.180
0.000,57.673,60.299,57.461,56.762,57.829,59.489,59.556,64.186
0.000,57.656,60.301,57.460,56.746,57.853,59.477,59.548,64.115
14.730,57.594,60.222,57.387,56.706,57.744,59.415,59.524,64.051
0.000,57.571,60.196,57.377,56.742,57.760,59.436,59.509,63.924
0.000,57.464,60.167,57.302,56.730,57.731,59.429,59.432,64.437
0.000,57.519,60.118,57.266,56.639,57.656,59.381,59.472,64.300
0.000,57.503,60.127,57.226,56.659,57.618,59.375,59.374,64.628
0.000,57.521,60.149,57.243,56.726,57.602,59.481,59.433,64.410
0.000,57.544,60.062,57.196,56.603,57.528,59.439,59.425,65.478
0.000,57.527,60.045,57.205,56.557,57.423,59.386,59.410,65.950
14.827,57.581,60.018,57.156,56.602,57.451,59.457,59.393,65.699
0.000,57.679,60.105,57.112,56.586,57.426,59.478,59.366,65.575
0.000,57.656,60.027,57.093,56.545,57.349,59.461,59.344,65.866
0.000,57.661,59.995,57.029,56.562,57.328,59.482,59.312,66.004
0.000,57.734,60.002,57.001,56.587,57.357,59.494,59.301,65.755
0.000,57.804,59.973,57.029,56.528,57.344,59.481,59.421,65.434
0.000,57.773,59.959,57.108,56.539,57.299,59.433,59.348,65.538
14.925,57.804,59.993,57.103,56.587,57.347,59.446,59.353,65.680
0.000,57.750,59.963,57.157,56.575,57.415,59.374,59.385,65.508
0.000,57.709,59.917,57.145,56.545,57.356,59.368,59.372,65.261
0.000,57.789,59.928,57.124,56.580,57.410,59.390,59.401,65.182
0.000,57.741,59.932,57.129,56.518,57.445,59.374,59.439,64.922
0.000,57.663,59.825,57.111,56.512,57.448,59.374,59.449,64.651
0.000,57.608,59.848,57.113,56.581,57.459,59.374,59.400,64.492
0.000,57.613,59.872,57.148,56.550,57.515,59.331,59.432,64.353
15.019,57.664,59.892,57.175,56.512,57.531,59.420,59.490,64.251
0.000,57.598,59.903,57.250,56.531,57.520,59.434,59.498,64.474
0.000,57.628,59.991,57.281,56.629,57.626,59.470,59.471,64.473
0.000,57.618,59.965,57.208,56.556,57.613,59.413,59.429,64.313
0.000,57.583,59.973,57.234,56.546,57.570,59.368,59.387,64.189
0.000,57.668,60.079,57.291,56.563,57.554,59.386,59.357,64.018
0.000,57.718,60.069,57.232,56.495,57.635,59.375,59.366,63.778
0.000,57.691,60.002,57.180,56.460,57.602,59.366,59.337,63.570
